pin,status,claim_class,claim_date,verdict,reason,rule,citation_count,first_citation,near_miss_strings,tax_sale_rows,scavenger_rows
18-12-417-021-0000,Sold,DISPOSED,2018-08-24,SUPPORTED,,D1,1,wvhk-k5uv 1824017020 2018-08-24 SOUTH SUBURBAN LAND BANK -> FORAN FUNDERAL HOME LLC,,0,0
21-14-01-116-015-0000,In House Renovation Phase,HELD,,NOT_CHECKABLE,pin-format,,0,,,0,0
21-14-02-208-011-0000,Prospecting - Declined,NO_CLAIM,,NOT_CHECKABLE,pin-format,,0,,,0,0
21-14-02-210-010-0000,Sold,DISPOSED,2024-02-05,NOT_CHECKABLE,pin-format,,0,,,0,0
21-14-02-214-008-0000,Prospecting - Declined,NO_CLAIM,,NOT_CHECKABLE,pin-format,,0,,,0,0
21-14-02-219-001-0000,Sold,DISPOSED,2019-09-30,NOT_CHECKABLE,pin-format,,0,,,0,0
21-14-13-102-007-0000,Sold,DISPOSED,2018-07-20,NOT_CHECKABLE,pin-format,,0,,,0,0
23-15-03-300-003-0000,Sold,DISPOSED,2021-06-07,NOT_CHECKABLE,pin-format,,0,,,0,0
23-15-03-413-019-0000,Sold,DISPOSED,2021-03-01,NOT_CHECKABLE,pin-format,,0,,,0,0
23-15-05-113-046-0000,Sold,DISPOSED,2017-01-01,NOT_CHECKABLE,pin-format,,0,,,0,0
24-25-201-080-0000,Sold,DISPOSED,2021-10-01,SUPPORTED,,D1,1,"wvhk-k5uv 2129133050 2021-10-01 SOUTH SUBURBAN LAND BANK AND DEVELOPMENT AUTHORITY -> OLDE NEW RENOVATIONS, CORP.",,4,1
24-36-403-015-0000,Sold,DISPOSED,2019-08-16,AMBIGUOUS,,D1+NEAR-MISS,1,wvhk-k5uv 1922006185 2019-08-01 SOUTH SUBURBAN LAND BANK -> CITY OF BLUE ISLAND,SOUTH SUB LAND BK,0,0
24-36-408-008-0000,Sold,DISPOSED,2022-01-26,SUPPORTED,,D1,1,wvhk-k5uv 2205934038 2022-01-05 SOUTH SUBURBAN LAND BANK AND DEVELOPMENT AUTHORITY -> OLDE NEW RENOVATIONS CORP.,,4,0
24-36-432-027-0000,Sold,DISPOSED,2022-01-23,SUPPORTED,,D1,1,wvhk-k5uv 2204133057 2021-11-29 SOUTH SUBURBAN LAND BANK AND DEVELOPMENT AUTHORITY -> TM1 CONSTRUCTION INC.,,0,0
24-36-432-044-0000,Sold,DISPOSED,2018-07-12,SUPPORTED,,D1,1,wvhk-k5uv 1819713021 2018-07-12 SOUTH SUBURBAN LAND BANK -> RAFAEL  CALDERON,,0,0
25-29-305-050-0000,Sold,DISPOSED,2024-10-01,AMBIGUOUS,,D1+NEAR-MISS,1,wvhk-k5uv 2428122079 2024-09-20 SOUTH SUBURBAN LAND BANK AND DEVELOPMENT AUTHORITY -> KELMIN CABRERA  FAJARDO,COUNTY OF COOK D/B/A COOK COUNTY LAND BANK AUTHORITY,1,0
25-29-317-053-0000,Sold,DISPOSED,2024-06-05,AMBIGUOUS,,D1+NEAR-MISS,1,wvhk-k5uv 2416318041 2024-05-02 SOUTH SUBURBAN LAND BANK AND DEVELOPMENT AUTHORITY -> CORNEL AND LETITIA RADU,COUNTY OF COOK D/B/A COOK COUNTY LAND BANK AUTHORITY,2,0
25-29-318-045-0000,Sold,DISPOSED,2024-08-06,AMBIGUOUS,,D1+NEAR-MISS,1,"wvhk-k5uv 2423210047 2024-07-26 SOUTH SUBURBAN LAND BANK AND DEVELOPMENT AUTHORITY -> PW INVESTMENTS GROUP INC.,",COUNTY OF COOK D/B/A COOK COUNTY LAND BANK AUTHORITY,1,0
25-29-323-064-0000,Sold,DISPOSED,2024-10-31,CONTRADICTED,,D3,6,wvhk-k5uv 2401822036 2024-01-11 None -> None,,3,1
25-29-323-065-0000,Associated Parcel - Sold,DISPOSED,,UNSUPPORTED_NO_RECORD,,D-nodate,1,"wvhk-k5uv,3723-97qp   no machine-readable record found in the queried datasets",,4,0
25-29-328-040-0000,Sold,DISPOSED,2025-08-07,AMBIGUOUS,,D1+NEAR-MISS,1,wvhk-k5uv 2523819010 2025-07-10 SOUTH SUBURBAN LAND BANK AND DEVELOPMENT AUTHORITY -> KEI DISCOUNTS CORP.,COUNTY OF COOK D/B/A COOK COUNTY LAND BANK AUTHORITY,4,1
25-29-328-041-0000,Associated Parcel - Inventory,NO_CLAIM,,NOT_CHECKABLE,no-county-checkable-claim,,0,,,4,1
25-29-328-042-0000,Sold,DISPOSED,2025-07-11,UNSUPPORTED_NO_RECORD,,D4,1,"wvhk-k5uv,3723-97qp   no machine-readable record found in the queried datasets",,4,1
25-29-404-063-0000,Sold,DISPOSED,2024-10-08,AMBIGUOUS,,D1+NEAR-MISS,1,wvhk-k5uv 2429020133 2024-09-20 SOUTH SUBURBAN LAND BANK AND DEVELOPMENT AUTHORITY -> AMAZING GRACE HEATING & COOLING & RESTORATION INC.,COUNTY OF COOK D/B/A COOK COUNTY LAND BANK AUTHORITY,3,0
25-29-406-008-0000,Secured Inventory - Active,HELD,,AMBIGUOUS,,H2+NEAR-MISS,1,wvhk-k5uv 2401815027 2023-12-01 COUNTY OF COOK D/B/A COOK COUNTY LAND BANK AUTHORITY -> SOUTH SUBURBAN LAND BANK AND DEVELOPMENT AUTHORITY,C.C. LAND BANK AUTH. DO NOT USE(NO PINS); COUNTY OF COOK D/B/A COOK COUNTY LAND BANK AUTHORITY,4,0
25-29-407-055-0000,Sold,DISPOSED,2023-08-11,SUPPORTED,,D1,1,wvhk-k5uv 2322806256 2023-06-23 SOUTH SUBURBAN LAND BANK AND DEVELOPMENT AUTHORITY -> RAMZEY D LLC,,1,0
25-29-408-036-0000,Sold,DISPOSED,2024-07-23,AMBIGUOUS,,D1+NEAR-MISS,1,wvhk-k5uv 2420830113 2024-06-11 SOUTH SUBURBAN LAND BANK AND DEVELOPMENT AUTHORITY -> SACE PROPERTIES LLC,COUNTY OF COOK D/B/A COOK COUNTY LAND BANK AUTHORITY,4,0
25-29-410-042-0000,Sold,DISPOSED,2024-07-31,AMBIGUOUS,,D1+NEAR-MISS,1,wvhk-k5uv 2422018041 2024-07-29 SOUTH SUBURBAN LAND BANK AND DEVELOPMENT AUTHORITY -> SHAHAB  MEHKRI,COUNTY OF COOK D/B/A COOK COUNTY LAND BANK AUTHORITY,1,0
25-29-410-050-0000,Sold,DISPOSED,2024-08-05,AMBIGUOUS,,D1+NEAR-MISS,1,"wvhk-k5uv 2422123031 2024-07-26 SOUTH SUBURBAN LAND BANK AND DEVELOPMENT AUTHORITY -> ACCOUNTABLE HOME BUYERS, INC",COUNTY OF COOK D/B/A COOK COUNTY LAND BANK AUTHORITY,2,0
25-29-411-049-0000,Sold,DISPOSED,2024-10-11,AMBIGUOUS,,D5+NEAR-MISS,3,wvhk-k5uv 2401822035 2023-12-01 COUNTY OF COOK D/B/A COOK COUNTY LAND BANK AUTHORITY -> SOUTH SUBURBAN LAND BANK AND DEVELOPMENT AUTHORITY,COUNTY OF COOK D/B/A COOK COUNTY LAND BANK AUTHORITY,2,0
25-30-106-012-0000,Sold,DISPOSED,2017-07-01,SUPPORTED,,D1,1,wvhk-k5uv 1719213064 2017-07-10 SOUTH SUBURBAN LAND BANK -> RIGOBERTO ESPARZA,,0,0
25-30-207-023-0000,Sold,DISPOSED,2024-08-27,CONTRADICTED,,D3,8,wvhk-k5uv 2401822037 2023-12-01 None -> None,,4,0
25-30-207-024-0000,Associated Parcel - Sold,DISPOSED,,UNSUPPORTED_NO_RECORD,,D-nodate,1,"wvhk-k5uv,3723-97qp   no machine-readable record found in the queried datasets",,4,0
25-30-207-025-0000,Associated Parcel - Sold,DISPOSED,,UNSUPPORTED_NO_RECORD,,D-nodate,1,"wvhk-k5uv,3723-97qp   no machine-readable record found in the queried datasets",,4,0
25-30-207-026-0000,Associated Parcel - Sold,DISPOSED,,UNSUPPORTED_NO_RECORD,,D-nodate,1,"wvhk-k5uv,3723-97qp   no machine-readable record found in the queried datasets",,4,0
25-30-207-027-0000,Associated Parcel - Sold,DISPOSED,,UNSUPPORTED_NO_RECORD,,D-nodate,1,"wvhk-k5uv,3723-97qp   no machine-readable record found in the queried datasets",,4,0
25-30-207-028-0000,Associated Parcel - Sold,DISPOSED,,UNSUPPORTED_NO_RECORD,,D-nodate,1,"wvhk-k5uv,3723-97qp   no machine-readable record found in the queried datasets",,4,0
25-30-207-029-0000,Associated Parcel - Sold,DISPOSED,,UNSUPPORTED_NO_RECORD,,D-nodate,1,"wvhk-k5uv,3723-97qp   no machine-readable record found in the queried datasets",,4,0
25-30-207-030-0000,Associated Parcel - Sold,DISPOSED,,UNSUPPORTED_NO_RECORD,,D-nodate,1,"wvhk-k5uv,3723-97qp   no machine-readable record found in the queried datasets",,4,0
25-30-207-031-0000,Associated Parcel - Sold,DISPOSED,,UNSUPPORTED_NO_RECORD,,D-nodate,1,"wvhk-k5uv,3723-97qp   no machine-readable record found in the queried datasets",,4,0
25-30-207-032-0000,Associated Parcel - Sold,DISPOSED,,UNSUPPORTED_NO_RECORD,,D-nodate,1,"wvhk-k5uv,3723-97qp   no machine-readable record found in the queried datasets",,4,0
25-30-403-021-0000,Sold,DISPOSED,2024-06-18,AMBIGUOUS,,D1+NEAR-MISS,1,wvhk-k5uv 2418014617 2024-06-11 SOUTH SUBURBAN LAND BANK AND DEVELOPMENT AUTHORITY -> RENEE L  FITZPATRICK,COUNTY OF COOK D/B/A COOK COUNTY LAND BANK AUTHORITY,3,0
25-30-417-050-0000,Sold,DISPOSED,2024-07-11,AMBIGUOUS,,D1+NEAR-MISS,1,wvhk-k5uv 2419902242 2024-05-02 SOUTH SUBURBAN LAND BANK AND DEVELOPMENT AUTHORITY -> RAWHI ZUGHAYER,COUNTY OF COOK D/B/A COOK COUNTY LAND BANK AUTHORITY,3,0
25-31-117-041-0000,Sold,DISPOSED,2017-02-01,SUPPORTED,,D1,1,wvhk-k5uv 1704733129 2017-02-13 SOUTH SUBURBAN LAND BANK -> SEYEK HOMES LLC,,0,0
25-32-104-059-0000,Sold,DISPOSED,2026-01-06,AMBIGUOUS,,D5+NEAR-MISS,1,wvhk-k5uv 2401815026 2023-12-01 COUNTY OF COOK D/B/A COOK COUNTY LAND BANK AUTHORITY -> SOUTH SUBURBAN LAND BANK AND DEVELOPMENT AUTHORITY,COUNTY OF COOK D/B/A COOK COUNTY LAND BANK AUTHORITY,1,0
25-32-112-029-0000,Sold,DISPOSED,2023-07-07,SUPPORTED,,D1,1,wvhk-k5uv 2319240098 2023-05-18 SOUTH SUBURBAN LAND BANK AND DEVELOPMENT AUTHORITY -> JOANNA  DLUGOPOLSKI,,4,1
25-32-115-051-0000,Secured Inventory - Active,HELD,,AMBIGUOUS,,H2+NEAR-MISS,1,wvhk-k5uv 2403722016 2024-01-11 COUNTY OF COOK D/B/A COOK COUNTY LAND BANK AUTHORITY -> SOUTH SUBURBAN LAND BANK AND DEVELOPMENT AUTHORITY,COUNTY OF COOK D/B/A COOK COUNTY LAND BANK AUTHORITY,3,1
25-32-217-053-0000,Sold,DISPOSED,2025-11-03,AMBIGUOUS,,D1+NEAR-MISS,1,wvhk-k5uv 2532111051 2025-10-17 SOUTH SUBURBAN LAND BANK AND DEVELOPMENT AUTHORITY -> 12713 S MAY LLC,COUNTY OF COOK D/B/A COOK COUNTY LAND BANK AUTHORITY,3,1
28-01-303-027-0000,Sold,DISPOSED,2023-06-01,CONTRADICTED,,D3,11,wvhk-k5uv 2315845037 2023-05-31 None -> MARCO A. SANCHEZ,,0,0
28-09-404-089-1001,Sold,DISPOSED,2019-12-30,UNSUPPORTED_NO_RECORD,,D4,1,"wvhk-k5uv,3723-97qp   no machine-readable record found in the queried datasets",,0,0
28-10-119-023-0000,Associated Parcel - Inventory,NO_CLAIM,,NOT_CHECKABLE,no-county-checkable-claim,,0,,,0,0
28-10-119-025-0000,Demolition Phase,HELD,,UNSUPPORTED_NO_RECORD,,H4,1,"wvhk-k5uv,3723-97qp   no machine-readable record found in the queried datasets",,0,0
28-10-207-025-0000,Prospecting - Declined,NO_CLAIM,,NOT_CHECKABLE,no-county-checkable-claim,,0,,,4,0
28-10-207-026-0000,Prospecting - Declined,NO_CLAIM,,NOT_CHECKABLE,no-county-checkable-claim,,0,,,4,0
28-10-207-027-0000,Prospecting - Declined,NO_CLAIM,,NOT_CHECKABLE,no-county-checkable-claim,,0,,,4,0
28-10-207-028-0000,Prospecting - Declined,NO_CLAIM,,NOT_CHECKABLE,no-county-checkable-claim,,0,,,4,0
28-10-300-093-1085,Sold,DISPOSED,2018-08-24,UNSUPPORTED_NO_RECORD,,D4,1,"wvhk-k5uv,3723-97qp   no machine-readable record found in the queried datasets",,0,0
28-10-400-051-0000,Listed,HELD,,UNSUPPORTED_NO_RECORD,,H4,1,"wvhk-k5uv,3723-97qp   no machine-readable record found in the queried datasets",,4,1
28-10-400-053-0000,Listed,HELD,,UNSUPPORTED_NO_RECORD,,H4,1,"wvhk-k5uv,3723-97qp   no machine-readable record found in the queried datasets",,1,1
28-10-404-017-0000,Sold,DISPOSED,2020-05-07,SUPPORTED,,D1,1,wvhk-k5uv 2015021125 2020-03-01 SOUTH SUBURBAN LAND BANK -> FAMILY CAR CENTER LLC,,3,0
28-10-416-045-1003,Sold,DISPOSED,2016-09-01,AMBIGUOUS,,D1+NEAR-MISS,1,wvhk-k5uv 1627413040 2016-09-23 SOUTH SUBURBAN LAND BANK AND DEVELOPMENT AUTHORITY -> HOLDA PROPERTIES L.L.C.,SOUTH SUBN LAND BK & DEV AUTH,0,0
28-11-121-002-0000,Sold,DISPOSED,2021-08-25,UNSUPPORTED_NO_RECORD,,D4,1,"wvhk-k5uv,3723-97qp   no machine-readable record found in the queried datasets",,1,0
28-11-127-023-0000,Sold,DISPOSED,2018-04-20,SUPPORTED,,D1,1,wvhk-k5uv 1811344011 2018-03-01 SOUTH SUBURBAN LAND BANK -> FOURTH CUZINS LLC,,2,0
28-11-128-003-0000,Sold,DISPOSED,2019-08-21,SUPPORTED,,D1,1,wvhk-k5uv 1923949022 2019-08-05 SOUTH SUBURBAN LAND BANK -> DARREN L. MAIDEN,,0,0
28-11-227-019-0000,Acquisition Underway,NO_CLAIM,,NOT_CHECKABLE,no-county-checkable-claim,,0,,,0,0
28-11-227-020-0000,Sold,DISPOSED,2019-09-24,SUPPORTED,,D1,1,wvhk-k5uv 1927649011 2019-09-12 SOUTH SUBURBAN LAND BANK -> MARIA  CUATZO,,4,0
28-11-228-024-0000,Prospecting - Declined,NO_CLAIM,,NOT_CHECKABLE,no-county-checkable-claim,,0,,,3,0
28-11-228-025-0000,Prospecting - Declined,NO_CLAIM,,NOT_CHECKABLE,no-county-checkable-claim,,0,,,3,0
28-11-228-026-0000,Prospecting - Declined,NO_CLAIM,,NOT_CHECKABLE,no-county-checkable-claim,,0,,,3,1
28-11-300-041-0000,Sold,DISPOSED,2023-05-03,SUPPORTED,,D1,1,"wvhk-k5uv 2312908046 2023-04-18 SOUTH SUBURBAN LAND BANK AND DEVELOPMENT AUTHORITY -> JEFF DAHLGREN AND JACKIE DAHLGREN AS CO-TRUSTEES OF THE JEFF DAHLGREN AND JACKIE DAHLGREN LIVING TRUST DATED OCTOBER 1, 2020",,0,0
28-11-302-020-0000,Sold,DISPOSED,2024-10-22,CONTRADICTED,,D3,6,wvhk-k5uv 2430424010 2024-10-17 None -> None,,1,0
28-11-302-032-0000,Sold,DISPOSED,2023-12-14,CONTRADICTED,,D3,8,wvhk-k5uv 2334933314 2023-12-14 None -> STEFAN MACA,,1,0
28-11-302-033-0000,Sold,DISPOSED,,UNSUPPORTED_NO_RECORD,,D-nodate,1,"wvhk-k5uv,3723-97qp   no machine-readable record found in the queried datasets",,0,0
28-11-317-013-0000,Prospecting - Hold for Review,NO_CLAIM,,NOT_CHECKABLE,no-county-checkable-claim,,0,,,4,0
28-11-402-009-0000,Prospecting - Declined,NO_CLAIM,,NOT_CHECKABLE,no-county-checkable-claim,,0,,,1,0
28-11-402-010-0000,Prospecting - Declined,NO_CLAIM,,NOT_CHECKABLE,no-county-checkable-claim,,0,,,1,0
28-11-403-025-0000,Acquisition Underway,NO_CLAIM,,NOT_CHECKABLE,no-county-checkable-claim,,0,,,2,0
28-11-403-026-0000,Acquisition Underway,NO_CLAIM,,NOT_CHECKABLE,no-county-checkable-claim,,0,,,1,0
28-14-207-014-0000,Prospecting - Hold for Review,NO_CLAIM,,NOT_CHECKABLE,no-county-checkable-claim,,0,,,1,0
28-15-300-010-0000,Sold,DISPOSED,2017-02-01,SUPPORTED,,D1,1,"wvhk-k5uv 1704515141 2017-02-01 SOUTH SUBURBAN LAND BANK -> OAK CREST, LLC",,0,0
28-16-418-001-0000,Sold,DISPOSED,2021-11-01,UNSUPPORTED_NO_RECORD,,D4,1,"wvhk-k5uv,3723-97qp   no machine-readable record found in the queried datasets",,1,0
28-16-419-001-0000,Sold,DISPOSED,2016-03-17,CONTRADICTED,,D3,10,wvhk-k5uv 1606822015 2016-03-01 None -> None,,1,0
28-17-401-011-0000,Sold,DISPOSED,2018-01-09,UNSUPPORTED_NO_RECORD,,D4,1,"wvhk-k5uv,3723-97qp   no machine-readable record found in the queried datasets",,0,0
28-17-412-003-1006,Sold,DISPOSED,2017-01-01,SUPPORTED,,D1,1,wvhk-k5uv 1713922028 2017-05-18 SOUTH SUBURBAN LAND BANK -> KEVIN J KRZEMIEN,,0,0
28-25-117-029-1026,Sold,DISPOSED,2021-04-05,UNSUPPORTED_NO_RECORD,,D4,1,"wvhk-k5uv,3723-97qp   no machine-readable record found in the queried datasets",,0,0
28-25-211-006-0000,Sold,DISPOSED,2021-03-19,SUPPORTED,,D1,1,wvhk-k5uv 2109601538 2021-03-17 SOUTH SUBURBAN LAND BANK AND DEVELOPMENT AUTHORITY -> BYRON GREGORY ENTERPRISES INC.,,0,0
28-25-319-004-0000,Prospecting - Inspection Complete/Muni Evidence Needed,NO_CLAIM,,NOT_CHECKABLE,no-county-checkable-claim,,0,,,0,0
28-25-401-021-0000,Sold,DISPOSED,2016-01-01,UNSUPPORTED_NO_RECORD,,D4,1,"wvhk-k5uv,3723-97qp   no machine-readable record found in the queried datasets",,0,0
28-25-406-026-0000,Prospecting - Inspection Complete/Muni Evidence Needed,NO_CLAIM,,NOT_CHECKABLE,no-county-checkable-claim,,0,,,1,0
28-25-410-001-0000,Prospecting - Declined,NO_CLAIM,,NOT_CHECKABLE,no-county-checkable-claim,,0,,,3,0
28-26-307-002-0000,Prospecting - Inspection Complete/Muni Evidence Needed,NO_CLAIM,,NOT_CHECKABLE,no-county-checkable-claim,,0,,,1,0
28-26-307-011-0000,Prospecting - Inspection Complete/Muni Evidence Needed,NO_CLAIM,,NOT_CHECKABLE,no-county-checkable-claim,,0,,,1,0
28-26-307-018-0000,Prospecting - Inspection Complete/Muni Evidence Needed,NO_CLAIM,,NOT_CHECKABLE,no-county-checkable-claim,,0,,,2,0
28-26-307-037-0000,Prospecting - Declined,NO_CLAIM,,NOT_CHECKABLE,no-county-checkable-claim,,0,,,1,0
28-26-311-004-0000,Listed,HELD,,UNSUPPORTED_NO_RECORD,,H4,1,"wvhk-k5uv,3723-97qp   no machine-readable record found in the queried datasets",,2,0
28-26-402-062-0000,Prospecting - Declined,NO_CLAIM,,NOT_CHECKABLE,no-county-checkable-claim,,0,,,4,0
28-27-203-026-0000,Sold,DISPOSED,2021-09-16,SUPPORTED,,D1,1,wvhk-k5uv 2125945069 2021-08-27 SOUTH SUBURBAN LAND BANK AND DEVELOPMENT AUTHORITY -> CITY OF OAK FOREST,,0,0
28-27-403-007-0000,Prospecting - Declined,NO_CLAIM,,NOT_CHECKABLE,no-county-checkable-claim,,0,,,1,0
28-28-301-027-0000,Prospecting - Hold for Review,NO_CLAIM,,NOT_CHECKABLE,no-county-checkable-claim,,0,,,4,1
28-30-113-005-0000,Sold,DISPOSED,2023-10-12,CONTRADICTED,,D3,10,wvhk-k5uv 2329755175 2023-10-06 None -> None,,0,0
28-30-204-061-0000,Secured Inventory - Active,HELD,,UNSUPPORTED_NO_RECORD,,H4,1,"wvhk-k5uv,3723-97qp   no machine-readable record found in the queried datasets",,0,0
28-30-213-017-0000,Sold,DISPOSED,2024-04-25,SUPPORTED,,D1,1,wvhk-k5uv 2412010019 2024-04-04 SOUTH SUBURBAN LAND BANK AND DEVELOPMENT AUTHORITY -> SYLWESTER LIWINSKI,,1,0
28-31-103-026-1028,Secured Inventory - Active,HELD,,SUPPORTED,,H2,1,wvhk-k5uv 1835522020 2018-11-29 THOMAS LITVIAK -> SOUTH SUBURBAN LAND BANK,,0,0
28-32-300-031-0000,Secured Inventory - Active,HELD,,UNSUPPORTED_NO_RECORD,,H4,1,"wvhk-k5uv,3723-97qp   no machine-readable record found in the queried datasets",,4,0
28-34-212-024-0000,Prospecting - Evidence Captured,NO_CLAIM,,NOT_CHECKABLE,no-county-checkable-claim,,0,,,0,0
28-34-311-006-0000,Acquisition Underway,NO_CLAIM,,NOT_CHECKABLE,no-county-checkable-claim,,0,,,1,0
28-35-110-012-0000,Prospecting - Declined,NO_CLAIM,,NOT_CHECKABLE,no-county-checkable-claim,,0,,,0,0
28-35-203-017-0000,Sold,DISPOSED,2020-11-05,SUPPORTED,,D1,1,wvhk-k5uv 2033933079 2020-10-22 SOUTH SUBURBAN LAND BANK AND DEVELOPMENT AUTHORITY -> ZENAH TAHER,,2,1
28-35-402-011-0000,Sold,DISPOSED,2019-11-25,SUPPORTED,,D1,1,wvhk-k5uv 1933706021 2019-10-09 SOUTH SUBURBAN LAND BANK -> QUAS LLC,,0,0
28-36-221-028-0000,Sold,DISPOSED,2016-11-01,AMBIGUOUS,,D1+NEAR-MISS,1,wvhk-k5uv 1632310053 2016-11-15 SOUTH SUBURBAN LAND BANK AND DEVELOPMENT AUTHORITY -> RUDINE WILBERT,SOUTH SUBN LAND BK & DEV AUTH,0,0
28-36-221-048-0000,Prospecting - Declined,NO_CLAIM,,NOT_CHECKABLE,no-county-checkable-claim,,0,,,0,0
29-01-421-041-0000,Prospecting - Declined,NO_CLAIM,,NOT_CHECKABLE,no-county-checkable-claim,,0,,,4,1
29-02-323-021-0000,Prospecting - Inspection Complete/Muni Evidence Needed,NO_CLAIM,,NOT_CHECKABLE,no-county-checkable-claim,,0,,,2,0
29-02-324-006-0000,Prospecting - Inspection Complete/Muni Evidence Needed,NO_CLAIM,,NOT_CHECKABLE,no-county-checkable-claim,,0,,,1,0
29-02-326-025-0000,Prospecting - Declined,NO_CLAIM,,NOT_CHECKABLE,no-county-checkable-claim,,0,,,1,0
29-02-402-030-0000,Prospecting - Inspection Complete/Muni Evidence Needed,NO_CLAIM,,NOT_CHECKABLE,no-county-checkable-claim,,0,,,2,0
29-02-408-053-0000,Sold,DISPOSED,2017-01-01,CONTRADICTED,,D3,11,"wvhk-k5uv 1717247010 2017-06-16 RICHARD  THORTON -> CSMA BLT, LLC",,0,0
29-03-103-037-0000,Acquisition Method Failure,NO_CLAIM,,NOT_CHECKABLE,no-county-checkable-claim,,0,,,4,1
29-03-110-013-0000,Sold,DISPOSED,2020-08-28,SUPPORTED,,D1,1,wvhk-k5uv 2024706326 2020-08-01 SOUTH SUBURBAN LAND BANK -> SUSTAINABLE OPTIONS FOR U,,0,0
29-03-110-025-0000,Prospecting - Inspection Complete/Muni Evidence Needed,NO_CLAIM,,NOT_CHECKABLE,no-county-checkable-claim,,0,,,1,0
29-03-113-018-0000,Prospecting - Inspection Complete/Muni Evidence Needed,NO_CLAIM,,NOT_CHECKABLE,no-county-checkable-claim,,0,,,1,0
29-03-310-019-0000,Sold,DISPOSED,2016-09-01,SUPPORTED,,D1,1,wvhk-k5uv 1630610071 2016-09-22 SOUTH SUBURBAN LAND BANK AND DEVELOPMENT AUTHORITY -> MICHAEL MOORE,,0,0
29-03-318-028-0000,Acquisition Method Failure,NO_CLAIM,,NOT_CHECKABLE,no-county-checkable-claim,,0,,,1,0
29-03-400-017-0000,Acquisition Method Failure,NO_CLAIM,,NOT_CHECKABLE,no-county-checkable-claim,,0,,,1,0
29-03-410-010-0000,Acquisition Method Failure,NO_CLAIM,,NOT_CHECKABLE,no-county-checkable-claim,,0,,,0,0
29-03-420-017-0000,Acquisition Method Failure,NO_CLAIM,,NOT_CHECKABLE,no-county-checkable-claim,,0,,,1,0
29-04-410-029-0000,Acquisition Method Failure,NO_CLAIM,,NOT_CHECKABLE,no-county-checkable-claim,,0,,,2,0
29-09-105-005-0000,Sold,DISPOSED,2017-02-01,SUPPORTED,,D1,1,wvhk-k5uv 1704610098 2017-02-01 SOUTH SUBURBAN LAND BANK -> HARVARD LAND TRUST #14612,,1,0
29-09-106-003-0000,Sold,DISPOSED,2020-03-17,SUPPORTED,,D1,1,wvhk-k5uv 2008046126 2020-03-01 SOUTH SUBURBAN LAND BANK -> HARVARD ENTERPRISE LLC,,0,0
29-09-203-052-0000,Prospecting - Inspection Complete/Muni Evidence Needed,NO_CLAIM,,NOT_CHECKABLE,no-county-checkable-claim,,0,,,4,1
29-09-209-036-0000,Prospecting - Inspection Complete/Muni Evidence Needed,NO_CLAIM,,NOT_CHECKABLE,no-county-checkable-claim,,0,,,1,0
29-09-216-006-0000,Sold,DISPOSED,2018-02-08,SUPPORTED,,D1,1,wvhk-k5uv 1804434052 2018-01-08 SOUTH SUBURBAN LAND BANK -> RMI GROUP INC.,,0,0
29-09-223-004-0000,Prospecting - Inspection Complete/Muni Evidence Needed,NO_CLAIM,,NOT_CHECKABLE,no-county-checkable-claim,,0,,,3,0
29-09-305-007-0000,Acquisition Underway,NO_CLAIM,,NOT_CHECKABLE,no-county-checkable-claim,,0,,,1,0
29-09-305-020-0000,Assigned,CLAIM_UNCLEAR,,NOT_CHECKABLE,status-semantics-unresolved,,0,,,0,0
29-09-305-023-0000,Listed,HELD,,SUPPORTED,,H2,1,wvhk-k5uv 2605430150 2026-01-28 VILLAGE OF SOUTH HOLLAND -> SOUTH SUBURBAN LAND BANK AND DEVELOPMENT AUTHORITY,,2,1
29-09-306-050-0000,Secured Inventory - Active,HELD,,UNSUPPORTED_NO_RECORD,,H4,1,"wvhk-k5uv,3723-97qp   no machine-readable record found in the queried datasets",,1,0
29-09-316-008-0000,Acquisition Underway,NO_CLAIM,,NOT_CHECKABLE,no-county-checkable-claim,,0,,,0,0
29-09-316-010-0000,In House Renovation Phase,HELD,,UNSUPPORTED_NO_RECORD,,H4,1,"wvhk-k5uv,3723-97qp   no machine-readable record found in the queried datasets",,1,0
29-09-316-013-0000,Prospecting - Declined,NO_CLAIM,,NOT_CHECKABLE,no-county-checkable-claim,,0,,,1,0
29-09-317-004-0000,Acquisition Underway,NO_CLAIM,,NOT_CHECKABLE,no-county-checkable-claim,,0,,,3,0
29-09-317-013-0000,Listed,HELD,,UNSUPPORTED_NO_RECORD,,H4,1,"wvhk-k5uv,3723-97qp   no machine-readable record found in the queried datasets",,0,0
29-09-318-003-0000,Sold,DISPOSED,2026-03-06,SUPPORTED,,D1,1,"wvhk-k5uv 2607211012 2026-02-19 SOUTH SUBURBAN LAND BANK AND DEVELOPMENT AUTHORITY -> ABC HOMES, LLC",,0,0
29-09-406-046-0000,Secured Inventory - Active,HELD,,UNSUPPORTED_NO_RECORD,,H4,1,"wvhk-k5uv,3723-97qp   no machine-readable record found in the queried datasets",,1,0
29-09-406-050-0000,Secured Inventory - Active,HELD,,UNSUPPORTED_NO_RECORD,,H4,1,"wvhk-k5uv,3723-97qp   no machine-readable record found in the queried datasets",,4,0
29-09-418-035-0000,Associated Parcel - Inventory,NO_CLAIM,,NOT_CHECKABLE,no-county-checkable-claim,,0,,,4,0
29-09-418-036-0000,To Be Secured,CLAIM_UNCLEAR,,NOT_CHECKABLE,status-semantics-unresolved,,0,,,4,0
29-10-203-024-0000,Secured Inventory - Active,HELD,,SUPPORTED,,H2,1,wvhk-k5uv 1608219089 2016-03-10 FANNIE MAE A/K/A FEDERAL NATIONAL MORTGAGE ASSOCIATION -> SOUTH SUBURBAN LAND BANK AND DEVELOPMENT AUTHORITY,,0,0
29-10-221-001-0000,Prospecting - Inspection Complete/Muni Evidence Needed,NO_CLAIM,,NOT_CHECKABLE,no-county-checkable-claim,,0,,,1,0
29-10-223-046-0000,Prospecting - Inspection Complete/Muni Evidence Needed,NO_CLAIM,,NOT_CHECKABLE,no-county-checkable-claim,,0,,,1,0
29-10-230-052-0000,Prospecting - Inspection Complete/Muni Evidence Needed,NO_CLAIM,,NOT_CHECKABLE,no-county-checkable-claim,,0,,,4,1
29-10-231-015-0000,Prospecting - Inspection Complete/Muni Evidence Needed,NO_CLAIM,,NOT_CHECKABLE,no-county-checkable-claim,,0,,,3,0
29-10-233-046-0000,Sold,DISPOSED,2017-02-01,SUPPORTED,,D1,1,wvhk-k5uv 1704610097 2017-02-01 SOUTH SUBURBAN LAND BANK -> EVANS LAND TRUST #14933,,0,0
29-10-233-052-0000,Prospecting - Inspection Complete/Muni Evidence Needed,NO_CLAIM,,NOT_CHECKABLE,no-county-checkable-claim,,0,,,4,0
29-10-303-035-0000,Prospecting - Declined,NO_CLAIM,,NOT_CHECKABLE,no-county-checkable-claim,,0,,,0,0
29-10-304-085-0000,Deed Recorded,CLAIM_UNCLEAR,,NOT_CHECKABLE,status-semantics-unresolved,,0,,,4,0
29-10-409-014-0000,Prospecting - Inspection Complete/Muni Evidence Needed,NO_CLAIM,,NOT_CHECKABLE,no-county-checkable-claim,,0,,,2,0
29-11-110-009-0000,Prospecting - Declined,NO_CLAIM,,NOT_CHECKABLE,no-county-checkable-claim,,0,,,4,0
29-11-110-020-0000,Prospecting - Declined,NO_CLAIM,,NOT_CHECKABLE,no-county-checkable-claim,,0,,,2,0
29-11-113-036-0000,Prospecting - Inspection Complete/Muni Evidence Needed,NO_CLAIM,,NOT_CHECKABLE,no-county-checkable-claim,,0,,,4,0
29-11-115-021-0000,Prospecting - Inspection Complete/Muni Evidence Needed,NO_CLAIM,,NOT_CHECKABLE,no-county-checkable-claim,,0,,,4,0
29-11-118-023-0000,Associated Parcel - Pre Inventory,NO_CLAIM,,NOT_CHECKABLE,no-county-checkable-claim,,0,,,4,0
29-11-118-024-0000,Prospecting - Inspection Complete/Muni Evidence Needed,NO_CLAIM,,NOT_CHECKABLE,no-county-checkable-claim,,0,,,4,0
29-11-121-004-0000,Prospecting - Inspection Complete/Muni Evidence Needed,NO_CLAIM,,NOT_CHECKABLE,no-county-checkable-claim,,0,,,2,0
29-11-202-056-0000,Prospecting - Inspection Complete/Muni Evidence Needed,NO_CLAIM,,NOT_CHECKABLE,no-county-checkable-claim,,0,,,4,0
29-11-213-022-0000,Prospecting - Inspection Complete/Muni Evidence Needed,NO_CLAIM,,NOT_CHECKABLE,no-county-checkable-claim,,0,,,1,0
29-11-313-055-0000,Listed,HELD,,UNSUPPORTED_NO_RECORD,,H4,1,"wvhk-k5uv,3723-97qp   no machine-readable record found in the queried datasets",,0,0
29-11-318-034-0000,Acquisition Method Failure,NO_CLAIM,,NOT_CHECKABLE,no-county-checkable-claim,,0,,,0,0
29-11-400-049-0000,Sold,DISPOSED,2019-10-15,SUPPORTED,,D1,1,wvhk-k5uv 1929041091 2019-10-09 SOUTH SUBURBAN LAND BANK -> DEPARTMENT PROPERTY GROUP,,0,0
29-11-413-056-0000,Prospecting - Inspection Complete/Muni Evidence Needed,NO_CLAIM,,NOT_CHECKABLE,no-county-checkable-claim,,0,,,4,0
29-11-420-016-0000,Sold,DISPOSED,2016-10-01,SUPPORTED,,D1,1,wvhk-k5uv 1630134049 2016-10-26 SOUTH SUBURBAN LAND BANK & DEVELOPMENT AUTHORITY -> JERMAINE MCNEIL,,0,0
29-12-308-034-0000,Prospecting - Inspection Complete/Muni Evidence Needed,NO_CLAIM,,NOT_CHECKABLE,no-county-checkable-claim,,0,,,0,0
29-12-320-003-0000,Sold,DISPOSED,2018-07-09,SUPPORTED,,D1,1,"wvhk-k5uv 1819406076 2018-06-07 SOUTH SUBURBAN LAND BANK -> FATHERS AND BLESSINGS, A",,4,0
29-15-200-026-0000,Sold,DISPOSED,2025-10-27,CONTRADICTED,,D3,3,wvhk-k5uv 2530824015 2025-10-17 None -> DAVID LEJUAN WILLIS SR.,,0,0
29-15-200-041-0000,Sold,DISPOSED,,UNSUPPORTED_NO_RECORD,,D-nodate,1,"wvhk-k5uv,3723-97qp   no machine-readable record found in the queried datasets",,0,0
29-15-201-019-0000,Case Dismissed,NO_CLAIM,,NOT_CHECKABLE,no-county-checkable-claim,,0,,,0,0
29-15-400-008-0000,Acquisition Underway,NO_CLAIM,,NOT_CHECKABLE,no-county-checkable-claim,,0,,,1,0
29-15-400-034-0000,Secured Inventory - Banked,HELD,,UNSUPPORTED_NO_RECORD,,H4,1,"wvhk-k5uv,3723-97qp   no machine-readable record found in the queried datasets",,3,0
29-15-412-040-0000,Acquisition Method Failure,NO_CLAIM,,NOT_CHECKABLE,no-county-checkable-claim,,0,,,1,0
29-16-106-057-0000,Sold,DISPOSED,2019-09-17,SUPPORTED,,D1,1,wvhk-k5uv 1923406204 2019-08-21 SOUTH SUBURBAN LAND BANK -> VILLAGE OF PHOENIX,,0,0
29-16-109-005-0000,Secured Inventory - Active,HELD,,SUPPORTED,,H2,1,wvhk-k5uv 1432533026 2014-10-28 FANNIE MAE -> SOUTH SUBURBAN LAND BK & DEV AUTH,,0,0
29-16-307-019-0000,Demolition Phase,HELD,,AMBIGUOUS,,H2+NEAR-MISS,1,wvhk-k5uv 2503021018 2024-10-28 COUNTY OF COOK D/B/A COOK COUNTY LAND BANK AUTHORITY -> SOUTH SUBURBAN LAND BANK AND DEVELOPMENT AUTHORITY,C.C. LAND BANK AUTH. DO NOT USE(NO PINS); COUNTY OF COOK D/B/A COOK COUNTY LAND BANK AUTHORITY,1,0
29-16-318-011-0000,Acquisition Underway,NO_CLAIM,,NOT_CHECKABLE,no-county-checkable-claim,,0,,,4,0
29-16-318-012-0000,Acquisition Underway,NO_CLAIM,,NOT_CHECKABLE,no-county-checkable-claim,,0,,,4,0
29-16-318-016-0000,Acquisition Underway,NO_CLAIM,,NOT_CHECKABLE,no-county-checkable-claim,,0,,,4,0
29-16-318-017-0000,Acquisition Underway,NO_CLAIM,,NOT_CHECKABLE,no-county-checkable-claim,,0,,,4,0
29-17-309-016-0000,Prospecting - Declined,NO_CLAIM,,NOT_CHECKABLE,no-county-checkable-claim,,0,,,4,0
29-17-309-017-0000,Prospecting - Declined,NO_CLAIM,,NOT_CHECKABLE,no-county-checkable-claim,,0,,,3,0
29-17-310-006-0000,Prospecting - Declined,NO_CLAIM,,NOT_CHECKABLE,no-county-checkable-claim,,0,,,4,0
29-17-310-007-0000,Associated Parcel - Inventory,NO_CLAIM,,NOT_CHECKABLE,no-county-checkable-claim,,0,,,4,0
29-17-310-020-0000,Prospecting - Declined,NO_CLAIM,,NOT_CHECKABLE,no-county-checkable-claim,,0,,,4,0
29-17-310-028-0000,Prospecting - Declined,NO_CLAIM,,NOT_CHECKABLE,no-county-checkable-claim,,0,,,4,0
29-17-310-033-0000,Prospecting - Declined,NO_CLAIM,,NOT_CHECKABLE,no-county-checkable-claim,,0,,,1,0
29-17-315-032-0000,Prospecting - Declined,NO_CLAIM,,NOT_CHECKABLE,no-county-checkable-claim,,0,,,3,0
29-17-315-033-0000,Associated Parcel - Inventory,NO_CLAIM,,NOT_CHECKABLE,no-county-checkable-claim,,0,,,4,1
29-17-316-054-0000,Prospecting - Declined,NO_CLAIM,,NOT_CHECKABLE,no-county-checkable-claim,,0,,,4,0
29-17-316-067-0000,Prospecting - Declined,NO_CLAIM,,NOT_CHECKABLE,no-county-checkable-claim,,0,,,4,0
29-17-317-006-0000,Prospecting - Declined,NO_CLAIM,,NOT_CHECKABLE,no-county-checkable-claim,,0,,,0,0
29-17-317-011-0000,Prospecting - Declined,NO_CLAIM,,NOT_CHECKABLE,no-county-checkable-claim,,0,,,1,0
29-18-414-032-0000,Prospecting - Declined,NO_CLAIM,,NOT_CHECKABLE,no-county-checkable-claim,,0,,,2,0
29-21-117-004-0000,Acquisition Method Failure,NO_CLAIM,,NOT_CHECKABLE,no-county-checkable-claim,,0,,,0,0
29-21-200-075-0000,Sold,DISPOSED,2025-11-20,SUPPORTED,,D1,1,"wvhk-k5uv 2532911012 2025-11-20 SOUTH SUBURBAN LAND BANK AND DEVELOPMENT AUTHORITY -> INVESTOR REAL ESTATE GROUP, LLC",,1,0
29-21-314-018-0000,Prospecting - Declined,NO_CLAIM,,NOT_CHECKABLE,no-county-checkable-claim,,0,,,0,0
29-21-314-019-0000,Prospecting - Declined,NO_CLAIM,,NOT_CHECKABLE,no-county-checkable-claim,,0,,,4,0
29-22-103-030-0000,Prospecting - Hold for Review,NO_CLAIM,,NOT_CHECKABLE,no-county-checkable-claim,,0,,,0,0
29-22-104-006-0000,Offer Pending,CLAIM_UNCLEAR,,NOT_CHECKABLE,status-semantics-unresolved,,0,,,3,0
29-22-104-020-0000,Sold,DISPOSED,2024-09-13,SUPPORTED,,D1,1,"wvhk-k5uv 2427428017 2024-07-18 SOUTH SUBURBAN LAND BANK AND DEVELOPMENT AUTHORITY -> CALUMET LIFT TRUCK SERVICE COMPANY, INC.",,0,0
29-22-108-016-0000,Acquisition Method Failure,NO_CLAIM,,NOT_CHECKABLE,no-county-checkable-claim,,0,,,0,0
29-22-416-010-0000,Sold,DISPOSED,2026-03-30,SUPPORTED,,D1,1,wvhk-k5uv 2609618000 2026-03-25 SOUTH SUBURBAN LAND BANK AND DEVELOPMENT AUTHORITY -> WHITE’S INVESTMENT GROUP LLC,,0,0
29-23-113-002-0000,Case Dismissed,NO_CLAIM,,NOT_CHECKABLE,no-county-checkable-claim,,0,,,1,0
29-23-308-021-0000,Case Dismissed,NO_CLAIM,,NOT_CHECKABLE,no-county-checkable-claim,,0,,,0,0
29-25-211-034-0000,Prospecting - Declined,NO_CLAIM,,NOT_CHECKABLE,no-county-checkable-claim,,0,,,1,0
29-25-405-030-1013,Sold,DISPOSED,2019-07-02,UNSUPPORTED_NO_RECORD,,D4,1,"wvhk-k5uv,3723-97qp   no machine-readable record found in the queried datasets",,0,0
29-27-101-008-0000,Sold,DISPOSED,2024-10-31,SUPPORTED,,D1,1,wvhk-k5uv 2431022186 2024-10-18 SOUTH SUBURBAN LAND BANK AND DEVELOPMENT AUTHORITY -> M & M HOME SOLUTIONS LLC,,2,0
29-30-101-032-0000,Sold,DISPOSED,2022-05-03,SUPPORTED,,D1,1,"wvhk-k5uv 2213655220 2022-03-31 SOUTH SUBURBAN LAND BANK AND DEVELOPMENT AUTHORITY -> FATHERS AND BLESSINGS, NFP",,4,0
29-30-102-014-0000,Prospecting - Declined,NO_CLAIM,,NOT_CHECKABLE,no-county-checkable-claim,,0,,,0,0
29-30-102-033-0000,Prospecting - Declined,NO_CLAIM,,NOT_CHECKABLE,no-county-checkable-claim,,0,,,4,0
29-30-104-021-0000,Sold,DISPOSED,2018-01-23,SUPPORTED,,D1,1,wvhk-k5uv 1802418015 2018-01-23 SOUTH SUBURBAN LAND BANK -> ABDULLAH H. SIDDIQUI,,0,0
29-30-108-016-0000,Sold,DISPOSED,2021-03-16,AMBIGUOUS,,D5,2,wvhk-k5uv 2108445038 2021-03-12 None -> None,,3,0
29-30-113-011-0000,Acquisition Method Failure,NO_CLAIM,,NOT_CHECKABLE,no-county-checkable-claim,,0,,,4,0
29-30-118-050-0000,Sold,DISPOSED,2022-05-03,SUPPORTED,,D1,1,wvhk-k5uv 2213608136 2022-03-31 SOUTH SUBURBAN LAND BANK AND DEVELOPMENT AUTHORITY -> FATHERS AND BLESSINGS NFP,,4,0
29-30-120-048-0000,Prospecting - Inspection Complete/Muni Evidence Needed,NO_CLAIM,,NOT_CHECKABLE,no-county-checkable-claim,,0,,,1,0
29-30-122-048-0000,Prospecting - Declined,NO_CLAIM,,NOT_CHECKABLE,no-county-checkable-claim,,0,,,2,0
29-30-123-019-0000,Sold,DISPOSED,2025-07-01,UNSUPPORTED_NO_RECORD,,D4,1,"wvhk-k5uv,3723-97qp   no machine-readable record found in the queried datasets",,0,0
29-30-123-020-0000,Associated Parcel - Sold,DISPOSED,,UNSUPPORTED_NO_RECORD,,D-nodate,1,"wvhk-k5uv,3723-97qp   no machine-readable record found in the queried datasets",,0,0
29-30-127-028-0000,Sold,DISPOSED,2026-02-20,CONTRADICTED,,D3,5,wvhk-k5uv 2605510020 2026-01-30 None -> AWWAD  TADROS,,4,0
29-30-127-029-0000,Associated Parcel - Sold,DISPOSED,,UNSUPPORTED_NO_RECORD,,D-nodate,1,"wvhk-k5uv,3723-97qp   no machine-readable record found in the queried datasets",,4,0
29-30-130-014-0000,Prospecting - Declined,NO_CLAIM,,NOT_CHECKABLE,no-county-checkable-claim,,0,,,1,0
29-30-130-049-0000,Prospecting - Declined,NO_CLAIM,,NOT_CHECKABLE,no-county-checkable-claim,,0,,,3,0
29-30-131-015-0000,Prospecting - Declined,NO_CLAIM,,NOT_CHECKABLE,no-county-checkable-claim,,0,,,4,0
29-30-131-036-0000,Sold,DISPOSED,2023-07-06,CONTRADICTED,,D3,7,wvhk-k5uv 2319345035 2023-06-23 None -> None,,4,0
29-30-131-038-0000,Sold,DISPOSED,2021-10-29,AMBIGUOUS,,D5,2,wvhk-k5uv 2114546137 2021-04-13 None -> None,,4,0
29-30-200-009-0000,Prospecting - Declined,NO_CLAIM,,NOT_CHECKABLE,no-county-checkable-claim,,0,,,1,0
29-30-200-029-0000,Secured Inventory - Active,HELD,,UNSUPPORTED_NO_RECORD,,H4,1,"wvhk-k5uv,3723-97qp   no machine-readable record found in the queried datasets",,4,0
29-30-200-053-0000,Prospecting - Declined,NO_CLAIM,,NOT_CHECKABLE,no-county-checkable-claim,,0,,,3,0
29-30-200-058-0000,Sold,DISPOSED,2022-03-03,SUPPORTED,,D1,1,"wvhk-k5uv 2206706151 2022-02-04 SOUTH SUBURBAN LAND BANK AND DEVELOPMENT AUTHORITY -> ALL SILVER, INC.",,1,0
29-30-201-006-0000,Prospecting - Declined,NO_CLAIM,,NOT_CHECKABLE,no-county-checkable-claim,,0,,,4,0
29-30-201-014-0000,Sold,DISPOSED,2022-05-03,SUPPORTED,,D1,1,wvhk-k5uv 2213642185 2022-03-31 SOUTH SUBURBAN LAND BANK AND DEVELOPMENT AUTHORITY -> FATHERS AND BLESSINGS NFP,,2,0
29-30-201-034-0000,Prospecting - Declined,NO_CLAIM,,NOT_CHECKABLE,no-county-checkable-claim,,0,,,0,0
29-30-202-016-0000,Sold,DISPOSED,2022-02-14,AMBIGUOUS,,D5,2,wvhk-k5uv 2208055023 2022-02-04 None -> None,,4,0
29-30-210-008-0000,Sold,DISPOSED,2017-03-01,SUPPORTED,,D1,1,wvhk-k5uv 1707329095 2017-03-10 SOUTH SUBURBAN LAND BANK -> B.T.L. EMPIRE LLC,,0,0
29-30-213-007-0000,Sold,DISPOSED,2017-03-01,UNSUPPORTED_NO_RECORD,,D4,1,"wvhk-k5uv,3723-97qp   no machine-readable record found in the queried datasets",,4,0
29-30-215-010-0000,Sold,DISPOSED,2025-09-30,SUPPORTED,,D1,1,"wvhk-k5uv 2527524005 2025-09-26 SOUTH SUBURBAN LAND BANK AND DEVELOPMENT AUTHORITY -> PARK AVENUE LAND COMPANY, LLC",,4,0
29-30-217-005-0000,Prospecting - Declined,NO_CLAIM,,NOT_CHECKABLE,no-county-checkable-claim,,0,,,1,0
29-30-217-041-0000,Sold,DISPOSED,2022-05-03,SUPPORTED,,D1,1,wvhk-k5uv 2213655221 2022-03-31 SOUTH SUBURBAN LAND BANK AND DEVELOPMENT AUTHORITY -> FATHERS AND BLESSINGS NFP,,2,0
29-30-218-016-0000,Sold,DISPOSED,2022-05-03,CONTRADICTED,,D3,3,wvhk-k5uv 2214007295 2022-03-31 None -> None,,3,0
29-30-218-037-0000,Sold,DISPOSED,2017-01-01,SUPPORTED,,D1,1,wvhk-k5uv 1704733128 2017-02-01 SOUTH SUBURBAN LAND BANK -> B.T.L. EMPIRE LLC,,1,0
29-30-218-038-0000,Sold,DISPOSED,,AMBIGUOUS,,D-nodate,1,wvhk-k5uv 1704733128 2017-02-01 SOUTH SUBURBAN LAND BANK -> B.T.L. EMPIRE LLC,,1,0
29-30-218-039-0000,Sold,DISPOSED,,AMBIGUOUS,,D-nodate,1,wvhk-k5uv 1704733128 2017-02-01 SOUTH SUBURBAN LAND BANK -> B.T.L. EMPIRE LLC,,1,1
29-30-218-040-0000,Sold,DISPOSED,,AMBIGUOUS,,D-nodate,1,wvhk-k5uv 1704733128 2017-02-01 SOUTH SUBURBAN LAND BANK -> B.T.L. EMPIRE LLC,,1,1
29-30-218-041-0000,Sold,DISPOSED,,AMBIGUOUS,,D-nodate,1,wvhk-k5uv 1704733128 2017-02-01 SOUTH SUBURBAN LAND BANK -> B.T.L. EMPIRE LLC,,1,1
29-30-219-015-0000,Deed Recorded,CLAIM_UNCLEAR,,NOT_CHECKABLE,status-semantics-unresolved,,0,,,4,0
29-30-219-016-0000,Sold,DISPOSED,2025-10-01,SUPPORTED,,D1,1,wvhk-k5uv 2528219014 2025-09-30 SOUTH SUBURBAN LAND BANK AND DEVELOPMENT AUTHORITY -> LEGIO I MINERVA LLC,,4,0
29-30-223-009-0000,Prospecting - Inspection Complete/Muni Evidence Needed,NO_CLAIM,,NOT_CHECKABLE,no-county-checkable-claim,,0,,,1,0
29-30-223-010-0000,Associated Parcel - Inventory,NO_CLAIM,,NOT_CHECKABLE,no-county-checkable-claim,,0,,,1,0
29-30-223-034-0000,Prospecting - Declined,NO_CLAIM,,NOT_CHECKABLE,no-county-checkable-claim,,0,,,1,0
29-30-223-035-0000,Prospecting - Declined,NO_CLAIM,,NOT_CHECKABLE,no-county-checkable-claim,,0,,,1,0
29-30-224-001-0000,Associated Parcel - Inventory,NO_CLAIM,,NOT_CHECKABLE,no-county-checkable-claim,,0,,,0,0
29-30-225-042-0000,Sold,DISPOSED,2025-05-14,CONTRADICTED,,D3,7,wvhk-k5uv 2514124100 2025-05-09 None -> None,,4,0
29-30-225-043-0000,Associated Parcel - Sold,DISPOSED,,UNSUPPORTED_NO_RECORD,,D-nodate,1,"wvhk-k5uv,3723-97qp   no machine-readable record found in the queried datasets",,4,0
29-30-226-022-0000,Sold,DISPOSED,2025-10-13,CONTRADICTED,,D3,10,wvhk-k5uv 2529519064 2025-10-08 None -> JULIAN WARFIELD,,4,1
29-30-227-002-0000,Sold,DISPOSED,2026-05-05,SUPPORTED,,D1,1,"wvhk-k5uv 2612807054 2026-04-28 SOUTH SUBURBAN LAND BANK AND DEVELOPMENT AUTHORITY, AN ILLINOIS INTERGOVERNMENTAL AGENCY -> NORMAN BROWN",,4,1
29-30-227-003-0000,Sold,DISPOSED,2026-05-05,SUPPORTED,,D1,1,"wvhk-k5uv 2612807053 2026-04-28 SOUTH SUBURBAN LAND BANK AND DEVELOPMENT AUTHORITY, AN ILLINOIS INTERGOVERNMENTAL AGENCY -> NORMAN BROWN",,4,1
29-30-227-007-0000,Sold,DISPOSED,2024-01-12,SUPPORTED,,D1,1,wvhk-k5uv 2401706183 2024-01-10 SOUTH SUBURBAN LAND BANK AND DEVELOPMENT AUTHORITY -> KEEP LETTING THEM BELIEVE FOUNDATION,,1,0
29-30-300-015-0000,Prospecting - Inspection Complete/Muni Evidence Needed,NO_CLAIM,,NOT_CHECKABLE,no-county-checkable-claim,,0,,,3,0
29-30-300-021-0000,Prospecting - Inspection Complete/Muni Evidence Needed,NO_CLAIM,,NOT_CHECKABLE,no-county-checkable-claim,,0,,,2,0
29-30-300-053-0000,Sold,DISPOSED,,UNSUPPORTED_NO_RECORD,,D-nodate,1,"wvhk-k5uv,3723-97qp   no machine-readable record found in the queried datasets",,1,0
29-30-300-059-0000,Prospecting - Inspection Complete/Muni Evidence Needed,NO_CLAIM,,NOT_CHECKABLE,no-county-checkable-claim,,0,,,3,0
29-31-112-025-0000,Prospecting - Hold for Review,NO_CLAIM,,NOT_CHECKABLE,no-county-checkable-claim,,0,,,1,0
29-31-112-027-0000,Prospecting - Hold for Review,NO_CLAIM,,NOT_CHECKABLE,no-county-checkable-claim,,0,,,0,0
29-31-400-046-0000,Prospecting - Hold for Review,NO_CLAIM,,NOT_CHECKABLE,no-county-checkable-claim,,0,,,0,0
29-31-412-039-0000,Prospecting - Hold for Review,NO_CLAIM,,NOT_CHECKABLE,no-county-checkable-claim,,0,,,2,2
29-31-412-062-0000,Prospecting - Hold for Review,NO_CLAIM,,NOT_CHECKABLE,no-county-checkable-claim,,0,,,2,2
29-32-405-004-0000,Prospecting - Hold for Review,NO_CLAIM,,NOT_CHECKABLE,no-county-checkable-claim,,0,,,2,0
29-32-406-043-1066,Sold,DISPOSED,2021-04-21,UNSUPPORTED_NO_RECORD,,D4,1,"wvhk-k5uv,3723-97qp   no machine-readable record found in the queried datasets",,0,0
29-32-407-032-1070,Sold,DISPOSED,2019-10-29,SUPPORTED,,D1,1,wvhk-k5uv 1930341000 2019-10-25 SOUTH SUBURBAN LAND BANK -> ABIOLA OLUWASSEUN PERRY,,0,0
29-34-130-001-0000,Prospecting - Declined,NO_CLAIM,,NOT_CHECKABLE,no-county-checkable-claim,,0,,,4,0
30-06-309-035-1060,Sold,DISPOSED,2020-07-06,UNSUPPORTED_NO_RECORD,,D4,1,"wvhk-k5uv,3723-97qp   no machine-readable record found in the queried datasets",,0,0
30-07-02-115-016-0000,Secured Inventory - Active,HELD,,NOT_CHECKABLE,pin-format,,0,,,0,0
30-07-03-423-010-0000,Sold,DISPOSED,2024-06-12,NOT_CHECKABLE,pin-format,,0,,,0,0
30-07-03-426-010-0000,Secured Inventory - Active,HELD,,NOT_CHECKABLE,pin-format,,0,,,0,0
30-07-03-426-011-0000,Test Parcel,NO_CLAIM,,NOT_CHECKABLE,pin-format,,0,,,0,0
30-07-09-203-003-0000,Secured Inventory - Active,HELD,,NOT_CHECKABLE,pin-format,,0,,,0,0
30-07-09-401-034-0000,Secured Inventory - Active,HELD,,NOT_CHECKABLE,pin-format,,0,,,0,0
30-07-09-417-022-0000,Secured Inventory - Active,HELD,,NOT_CHECKABLE,pin-format,,0,,,0,0
30-07-10-232-018-0000,Secured Inventory - Active,HELD,,NOT_CHECKABLE,pin-format,,0,,,0,0
30-07-10-322-018-0000,Secured Inventory - Active,HELD,,NOT_CHECKABLE,pin-format,,0,,,0,0
30-07-10-426-011-0000,Secured Inventory - Active,HELD,,NOT_CHECKABLE,pin-format,,0,,,0,0
30-07-11-300-025-0000,Sold,DISPOSED,2025-02-05,NOT_CHECKABLE,pin-format,,0,,,0,0
30-07-14-103-001-0000,Secured Inventory - Active,HELD,,NOT_CHECKABLE,pin-format,,0,,,0,0
30-07-15-114-021-0000,Sold,DISPOSED,2023-01-05,NOT_CHECKABLE,pin-format,,0,,,0,0
30-07-15-122-007-0000,Secured Inventory - Active,HELD,,NOT_CHECKABLE,pin-format,,0,,,0,0
30-07-15-129-008-0000,Secured Inventory - Active,HELD,,NOT_CHECKABLE,pin-format,,0,,,0,0
30-07-15-129-021-0000,Secured Inventory - Active,HELD,,NOT_CHECKABLE,pin-format,,0,,,0,0
30-07-15-200-040-0000,Secured Inventory - Active,HELD,,NOT_CHECKABLE,pin-format,,0,,,0,0
30-07-15-201-023-0000,Secured Inventory - Active,HELD,,NOT_CHECKABLE,pin-format,,0,,,0,0
30-07-15-204-007-0000,Secured Inventory - Active,HELD,,NOT_CHECKABLE,pin-format,,0,,,0,0
30-07-15-217-013-0000,Sold,DISPOSED,2025-08-13,NOT_CHECKABLE,pin-format,,0,,,0,0
30-07-15-220-017-0000,Secured Inventory - Active,HELD,,NOT_CHECKABLE,pin-format,,0,,,0,0
30-07-15-221-004-0000,Secured Inventory - Active,HELD,,NOT_CHECKABLE,pin-format,,0,,,0,0
30-07-15-321-009-0000,Secured Inventory - Active,HELD,,NOT_CHECKABLE,pin-format,,0,,,0,0
30-07-15-411-010-0000,Secured Inventory - Active,HELD,,NOT_CHECKABLE,pin-format,,0,,,0,0
30-07-16-234-004-0000,Secured Inventory - Active,HELD,,NOT_CHECKABLE,pin-format,,0,,,0,0
30-07-16-234-006-0000,Secured Inventory - Active,HELD,,NOT_CHECKABLE,pin-format,,0,,,0,0
30-07-16-234-047-0000,Secured Inventory - Active,HELD,,NOT_CHECKABLE,pin-format,,0,,,0,0
30-07-16-308-008-0000,Secured Inventory - Active,HELD,,NOT_CHECKABLE,pin-format,,0,,,0,0
30-07-16-410-015-0000,Secured Inventory - Active,HELD,,NOT_CHECKABLE,pin-format,,0,,,0,0
30-07-16-412-015-0000,Secured Inventory - Active,HELD,,NOT_CHECKABLE,pin-format,,0,,,0,0
30-07-16-415-011-0000,Secured Inventory - Active,HELD,,NOT_CHECKABLE,pin-format,,0,,,0,0
30-07-16-416-006-0000,Secured Inventory - Active,HELD,,NOT_CHECKABLE,pin-format,,0,,,0,0
30-07-16-417-009-0000,Sold,DISPOSED,2024-08-26,NOT_CHECKABLE,pin-format,,0,,,0,0
30-07-16-434-009-0000,Secured Inventory - Active,HELD,,NOT_CHECKABLE,pin-format,,0,,,0,0
30-07-22-105-003-0000,Secured Inventory - Active,HELD,,NOT_CHECKABLE,pin-format,,0,,,0,0
30-07-303-007-0000,Prospecting - Declined,NO_CLAIM,,NOT_CHECKABLE,no-county-checkable-claim,,0,,,3,0
30-07-303-008-0000,Prospecting - Declined,NO_CLAIM,,NOT_CHECKABLE,no-county-checkable-claim,,0,,,3,0
30-07-303-009-0000,Prospecting - Declined,NO_CLAIM,,NOT_CHECKABLE,no-county-checkable-claim,,0,,,3,0
30-08-105-044-0000,Case Dismissed,NO_CLAIM,,NOT_CHECKABLE,no-county-checkable-claim,,0,,,0,0
30-08-105-045-0000,Case Dismissed,NO_CLAIM,,NOT_CHECKABLE,no-county-checkable-claim,,0,,,0,0
30-08-306-050-0000,Prospecting - Inspection Complete/Muni Evidence Needed,NO_CLAIM,,NOT_CHECKABLE,no-county-checkable-claim,,0,,,4,0
30-08-307-003-0000,Prospecting - Inspection Complete/Muni Evidence Needed,NO_CLAIM,,NOT_CHECKABLE,no-county-checkable-claim,,0,,,2,0
30-08-307-004-0000,Associated Parcel - Pre Inventory,NO_CLAIM,,NOT_CHECKABLE,no-county-checkable-claim,,0,,,4,0
30-08-307-012-0000,Prospecting - Inspection Complete/Muni Evidence Needed,NO_CLAIM,,NOT_CHECKABLE,no-county-checkable-claim,,0,,,2,0
30-08-402-028-0000,Prospecting - Inspection Complete/Muni Evidence Needed,NO_CLAIM,,NOT_CHECKABLE,no-county-checkable-claim,,0,,,0,0
30-08-405-012-0000,Prospecting - Inspection Complete/Muni Evidence Needed,NO_CLAIM,,NOT_CHECKABLE,no-county-checkable-claim,,0,,,3,0
30-08-405-013-0000,Associated Parcel - Pre Inventory,NO_CLAIM,,NOT_CHECKABLE,no-county-checkable-claim,,0,,,1,0
30-08-406-003-0000,Prospecting - Inspection Complete/Muni Evidence Needed,NO_CLAIM,,NOT_CHECKABLE,no-county-checkable-claim,,0,,,2,0
30-08-409-031-0000,Prospecting - Inspection Complete/Muni Evidence Needed,NO_CLAIM,,NOT_CHECKABLE,no-county-checkable-claim,,0,,,2,0
30-08-409-032-0000,Prospecting - Inspection Complete/Muni Evidence Needed,NO_CLAIM,,NOT_CHECKABLE,no-county-checkable-claim,,0,,,3,0
30-08-409-033-0000,Associated Parcel - Pre Inventory,NO_CLAIM,,NOT_CHECKABLE,no-county-checkable-claim,,0,,,3,0
30-17-100-035-0000,Prospecting - Inspection Complete/Muni Evidence Needed,NO_CLAIM,,NOT_CHECKABLE,no-county-checkable-claim,,0,,,4,0
30-17-103-004-0000,Prospecting - Declined,NO_CLAIM,,NOT_CHECKABLE,no-county-checkable-claim,,0,,,4,0
30-17-103-032-0000,Sold,DISPOSED,2026-03-10,SUPPORTED,,D1,1,wvhk-k5uv 2607211010 2026-02-19 SOUTH SUBURBAN LAND BANK AND DEVELOPMENT AUTHORITY -> E & G REMODELING LLC,,3,0
30-17-104-018-0000,Prospecting - Hold for Review,NO_CLAIM,,NOT_CHECKABLE,no-county-checkable-claim,,0,,,0,0
30-17-105-040-0000,Prospecting - Declined,NO_CLAIM,,NOT_CHECKABLE,no-county-checkable-claim,,0,,,0,0
30-17-105-049-0000,Prospecting - Declined,NO_CLAIM,,NOT_CHECKABLE,no-county-checkable-claim,,0,,,0,0
30-17-105-070-0000,Acquisition Underway,NO_CLAIM,,NOT_CHECKABLE,no-county-checkable-claim,,0,,,1,0
30-17-106-006-0000,Prospecting - Inspection Complete/Muni Evidence Needed,NO_CLAIM,,NOT_CHECKABLE,no-county-checkable-claim,,0,,,4,0
30-17-106-007-0000,Associated Parcel - Pre Inventory,NO_CLAIM,,NOT_CHECKABLE,no-county-checkable-claim,,0,,,4,0
30-17-106-046-0000,Acquisition Underway,NO_CLAIM,,NOT_CHECKABLE,no-county-checkable-claim,,0,,,3,0
30-17-106-049-0000,Prospecting - Declined,NO_CLAIM,,NOT_CHECKABLE,no-county-checkable-claim,,0,,,0,0
30-17-106-050-0000,Prospecting - Declined,NO_CLAIM,,NOT_CHECKABLE,no-county-checkable-claim,,0,,,0,0
30-17-107-012-0000,Associated Parcel - Inventory,NO_CLAIM,,NOT_CHECKABLE,no-county-checkable-claim,,0,,,1,0
30-17-107-013-0000,Demolition Phase,HELD,,UNSUPPORTED_NO_RECORD,,H4,1,"wvhk-k5uv,3723-97qp   no machine-readable record found in the queried datasets",,2,0
30-17-107-044-0000,Prospecting - Hold for Review,NO_CLAIM,,NOT_CHECKABLE,no-county-checkable-claim,,0,,,3,0
30-17-108-045-0000,Sold,DISPOSED,2022-07-06,SUPPORTED,,D1,1,wvhk-k5uv 2219249167 2022-06-03 SOUTH SUBURBAN LAND BANK AND DEVELOPMENT AUTHORITY -> LUIS E GOMEZ HERNANDEZ,,2,0
30-17-109-009-0000,Prospecting - Inspection Complete/Muni Evidence Needed,NO_CLAIM,,NOT_CHECKABLE,no-county-checkable-claim,,0,,,1,0
30-17-109-029-0000,Under Contract,HELD,,UNSUPPORTED_NO_RECORD,,H4,1,"wvhk-k5uv,3723-97qp   no machine-readable record found in the queried datasets",,4,0
30-17-109-030-0000,Associated Parcel - Inventory,NO_CLAIM,,NOT_CHECKABLE,no-county-checkable-claim,,0,,,4,0
30-17-109-041-0000,Demolition Phase,HELD,,UNSUPPORTED_NO_RECORD,,H4,1,"wvhk-k5uv,3723-97qp   no machine-readable record found in the queried datasets",,0,0
30-17-109-042-0000,Demolition Phase,HELD,,UNSUPPORTED_NO_RECORD,,H4,1,"wvhk-k5uv,3723-97qp   no machine-readable record found in the queried datasets",,1,0
30-17-110-046-0000,Under Contract,HELD,,UNSUPPORTED_NO_RECORD,,H4,1,"wvhk-k5uv,3723-97qp   no machine-readable record found in the queried datasets",,0,0
30-17-112-033-0000,Acquisition Underway,NO_CLAIM,,NOT_CHECKABLE,no-county-checkable-claim,,0,,,2,0
30-17-112-053-0000,Prospecting - Declined,NO_CLAIM,,NOT_CHECKABLE,no-county-checkable-claim,,0,,,1,0
30-17-113-007-0000,Sold,DISPOSED,2023-07-18,CONTRADICTED,,D3,11,wvhk-k5uv 2320228178 2023-04-25 None -> LUCIA F.  PARRINELLO,,4,0
30-17-113-008-0000,Sold,DISPOSED,2023-07-18,CONTRADICTED,,D3,9,wvhk-k5uv 2320228178 2023-04-25 None -> LUCIA F.  PARRINELLO,,2,0
30-17-113-041-0000,Prospecting - Inspection Complete/Muni Evidence Needed,NO_CLAIM,,NOT_CHECKABLE,no-county-checkable-claim,,0,,,4,0
30-17-115-047-0000,Prospecting - Declined,NO_CLAIM,,NOT_CHECKABLE,no-county-checkable-claim,,0,,,0,0
30-17-116-001-0000,Prospecting - Declined,NO_CLAIM,,NOT_CHECKABLE,no-county-checkable-claim,,0,,,0,0
30-17-116-002-0000,Prospecting - Declined,NO_CLAIM,,NOT_CHECKABLE,no-county-checkable-claim,,0,,,0,0
30-17-116-036-0000,Associated Parcel - Inventory,NO_CLAIM,2026-05-19,NOT_CHECKABLE,no-county-checkable-claim,,0,,,4,0
30-17-116-037-0000,Sold,DISPOSED,,UNSUPPORTED_NO_RECORD,,D-nodate,1,"wvhk-k5uv,3723-97qp   no machine-readable record found in the queried datasets",,1,0
30-17-116-038-0000,Sold,DISPOSED,,UNSUPPORTED_NO_RECORD,,D-nodate,1,"wvhk-k5uv,3723-97qp   no machine-readable record found in the queried datasets",,1,0
30-17-116-044-0000,Prospecting - Declined,NO_CLAIM,,NOT_CHECKABLE,no-county-checkable-claim,,0,,,0,0
30-17-117-026-0000,Acquisition Underway,NO_CLAIM,,NOT_CHECKABLE,no-county-checkable-claim,,0,,,1,0
30-17-117-027-0000,Acquisition Underway,NO_CLAIM,,NOT_CHECKABLE,no-county-checkable-claim,,0,,,3,0
30-17-118-030-0000,Sold,DISPOSED,2026-01-23,SUPPORTED,,D1,1,wvhk-k5uv 2602928062 2026-01-07 SOUTH SUBURBAN LAND BANK AND DEVELOPMENT AUTHORITY -> WILLIAM HILL,,2,0
30-17-119-010-0000,Prospecting - Declined,NO_CLAIM,,NOT_CHECKABLE,no-county-checkable-claim,,0,,,0,0
30-17-119-011-0000,Prospecting - Declined,NO_CLAIM,,NOT_CHECKABLE,no-county-checkable-claim,,0,,,0,0
30-17-119-024-0000,Sold,DISPOSED,2022-10-07,SUPPORTED,,D1,1,wvhk-k5uv 2228546062 2022-08-30 SOUTH SUBURBAN LAND BANK AND DEVELOPMENT AUTHORITY -> PINK PANINI LLC,,1,0
30-17-119-039-0000,Under Contract,HELD,,UNSUPPORTED_NO_RECORD,,H4,1,"wvhk-k5uv,3723-97qp   no machine-readable record found in the queried datasets",,0,0
30-17-120-041-0000,Case Dismissed,NO_CLAIM,,NOT_CHECKABLE,no-county-checkable-claim,,0,,,4,0
30-17-120-042-0000,Listed,HELD,,UNSUPPORTED_NO_RECORD,,H4,1,"wvhk-k5uv,3723-97qp   no machine-readable record found in the queried datasets",,4,0
30-17-121-026-0000,Prospecting - Declined,NO_CLAIM,,NOT_CHECKABLE,no-county-checkable-claim,,0,,,0,0
30-17-123-013-0000,Prospecting - Declined,NO_CLAIM,,NOT_CHECKABLE,no-county-checkable-claim,,0,,,0,0
30-17-123-025-0000,Sold,DISPOSED,2026-05-11,SUPPORTED,,D1,1,wvhk-k5uv 2613311047 2026-04-28 SOUTH SUBURBAN LAND BANK AND DEVELOPMENT AUTHORITY -> CHRISTIAN  AGUILAR,,0,0
30-17-125-001-0000,Prospecting - Declined,NO_CLAIM,,NOT_CHECKABLE,no-county-checkable-claim,,0,,,0,0
30-17-125-007-0000,Sold,DISPOSED,2026-05-11,SUPPORTED,,D1,1,"wvhk-k5uv 2614210001 2026-04-27 SOUTH SUBURBAN LAND BANK AND DEVELOPMENT AUTHORITY, AN ILLINOIS INTERGOVERNMENTAL AGENCY -> BERTHA ANTONIA  BAUTISTA DEL REAL",,1,0
30-17-125-011-0000,Prospecting - Hold for Review,NO_CLAIM,,NOT_CHECKABLE,no-county-checkable-claim,,0,,,0,0
30-17-125-012-0000,Acquisition Underway,NO_CLAIM,,NOT_CHECKABLE,no-county-checkable-claim,,0,,,1,0
30-17-126-024-0000,Acquisition Method Failure,NO_CLAIM,,NOT_CHECKABLE,no-county-checkable-claim,,0,,,2,0
30-17-127-018-0000,Acquisition Underway,NO_CLAIM,,NOT_CHECKABLE,no-county-checkable-claim,,0,,,1,0
30-17-128-007-0000,Prospecting - Hold for Review,NO_CLAIM,,NOT_CHECKABLE,no-county-checkable-claim,,0,,,4,0
30-17-128-015-0000,Sold,DISPOSED,2026-05-27,UNSUPPORTED_NO_RECORD,,D4,1,"wvhk-k5uv,3723-97qp   no machine-readable record found in the queried datasets",,4,0
30-17-201-006-0000,Prospecting - Declined,NO_CLAIM,,NOT_CHECKABLE,no-county-checkable-claim,,0,,,0,0
30-17-201-041-0000,Prospecting - Declined,NO_CLAIM,,NOT_CHECKABLE,no-county-checkable-claim,,0,,,3,0
30-17-202-024-0000,Acquisition Underway,NO_CLAIM,,NOT_CHECKABLE,no-county-checkable-claim,,0,,,2,0
30-17-202-025-0000,Sold,DISPOSED,2022-07-01,CONTRADICTED,,D3,10,wvhk-k5uv 2219210266 2022-04-13 None -> DAVID ROMAN,,2,0
30-17-203-025-0000,Prospecting - Declined,NO_CLAIM,,NOT_CHECKABLE,no-county-checkable-claim,,0,,,0,0
30-17-204-013-0000,Case Dismissed,NO_CLAIM,,NOT_CHECKABLE,no-county-checkable-claim,,0,,,1,0
30-17-204-014-0000,Case Dismissed,NO_CLAIM,,NOT_CHECKABLE,no-county-checkable-claim,,0,,,3,0
30-17-204-015-0000,Case Dismissed,NO_CLAIM,,NOT_CHECKABLE,no-county-checkable-claim,,0,,,3,0
30-17-204-027-0000,Acquisition Method Failure,NO_CLAIM,,NOT_CHECKABLE,no-county-checkable-claim,,0,,,1,0
30-17-204-028-0000,Acquisition Method Failure,NO_CLAIM,,NOT_CHECKABLE,no-county-checkable-claim,,0,,,4,0
30-17-204-033-0000,Sold,DISPOSED,2022-09-06,AMBIGUOUS,,D1+NEAR-MISS,1,"wvhk-k5uv 2225518124 2022-07-19 SOUTH SUBURBAN LAND BANK AND DEVELOPMENT AUTHORITY -> J & S CAPITAL INVESTMENTS, LLC",C.C. LAND BANK AUTH. DO NOT USE(NO PINS),3,0
30-17-205-002-0000,Sold,DISPOSED,2025-08-05,SUPPORTED,,D1,1,wvhk-k5uv 2522019020 2025-07-25 SOUTH SUBURBAN LAND BANK AND DEVELOPMENT AUTHORITY -> RONALD CRAIG  WILLIAMS,,1,0
30-17-205-003-0000,Prospecting - Declined,NO_CLAIM,,NOT_CHECKABLE,no-county-checkable-claim,,0,,,1,0
30-17-205-044-0000,Acquisition Underway,NO_CLAIM,,NOT_CHECKABLE,no-county-checkable-claim,,0,,,4,0
30-17-206-043-0000,Acquisition Underway,NO_CLAIM,,NOT_CHECKABLE,no-county-checkable-claim,,0,,,1,0
30-17-206-044-0000,Acquisition Underway,NO_CLAIM,,NOT_CHECKABLE,no-county-checkable-claim,,0,,,1,0
30-17-207-003-0000,Under Contract,HELD,,UNSUPPORTED_NO_RECORD,,H4,1,"wvhk-k5uv,3723-97qp   no machine-readable record found in the queried datasets",,3,0
30-17-207-004-0000,Associated Parcel - Inventory,NO_CLAIM,,NOT_CHECKABLE,no-county-checkable-claim,,0,,,4,0
30-17-207-027-0000,Sold,DISPOSED,2026-06-22,UNSUPPORTED_NO_RECORD,,D4,1,"wvhk-k5uv,3723-97qp   no machine-readable record found in the queried datasets",,1,0
30-17-207-028-0000,Associated Parcel - Inventory,NO_CLAIM,,NOT_CHECKABLE,no-county-checkable-claim,,0,,,2,0
30-17-211-001-0000,Acquisition Underway,NO_CLAIM,,NOT_CHECKABLE,no-county-checkable-claim,,0,,,0,0
30-17-213-007-0000,Listed,HELD,,UNSUPPORTED_NO_RECORD,,H4,1,"wvhk-k5uv,3723-97qp   no machine-readable record found in the queried datasets",,2,0
30-17-214-030-0000,Sold,DISPOSED,2022-12-30,SUPPORTED,,D1,1,wvhk-k5uv 2300933080 2022-12-01 SOUTH SUBURBAN LAND BANK AND DEVELOPMENT AUTHORITY -> FAROD LEWIS JR.,,3,0
30-17-214-031-0000,Prospecting - Hold for Review,NO_CLAIM,,NOT_CHECKABLE,no-county-checkable-claim,,0,,,0,0
30-17-214-038-0000,Prospecting - Inspection Complete/Muni Evidence Needed,NO_CLAIM,,NOT_CHECKABLE,no-county-checkable-claim,,0,,,0,0
30-17-214-054-0000,Acquisition Underway,NO_CLAIM,,NOT_CHECKABLE,no-county-checkable-claim,,0,,,4,0
30-17-300-054-0000,Acquisition Underway,NO_CLAIM,,NOT_CHECKABLE,no-county-checkable-claim,,0,,,4,1
30-17-307-007-0000,Sold,DISPOSED,2022-11-15,SUPPORTED,,D1,1,wvhk-k5uv 2232113129 2022-09-23 SOUTH SUBURBAN LAND BANK AND DEVELOPMENT AUTHORITY -> ERIC BRIAN  KING JR.,,3,0
30-17-307-010-0000,Sold,DISPOSED,2022-03-17,SUPPORTED,,D1,1,wvhk-k5uv 2208121223 2022-02-04 SOUTH SUBURBAN LAND BANK AND DEVELOPMENT AUTHORITY -> JOSE G.  VILLANUEVA,,3,0
30-17-307-013-0000,Prospecting - Hold for Review,NO_CLAIM,,NOT_CHECKABLE,no-county-checkable-claim,,0,,,0,0
30-17-310-008-0000,Listed,HELD,,UNSUPPORTED_NO_RECORD,,H4,1,"wvhk-k5uv,3723-97qp   no machine-readable record found in the queried datasets",,0,0
30-17-311-012-0000,Case Dismissed,NO_CLAIM,,NOT_CHECKABLE,no-county-checkable-claim,,0,,,1,0
30-17-311-022-0000,Prospecting - Declined,NO_CLAIM,,NOT_CHECKABLE,no-county-checkable-claim,,0,,,2,1
30-17-401-003-0000,Sold,DISPOSED,2022-03-08,SUPPORTED,,D1,1,wvhk-k5uv 2206907599 2022-01-10 SOUTH SUBURBAN LAND BANK AND DEVELOPMENT AUTHORITY -> GALECO RESIDENTIAL CONSTRUCTION COMPANY,,1,0
30-17-402-027-0000,Prospecting - Evidence Captured,NO_CLAIM,,NOT_CHECKABLE,no-county-checkable-claim,,0,,,3,0
30-17-404-013-0000,Sold,DISPOSED,2021-12-09,SUPPORTED,,D1,1,wvhk-k5uv 2201016018 2021-11-18 SOUTH SUBURBAN LAND BANK AND DEVELOPMENT AUTHORITY -> RETRAC INTERNATIONAL LLC,,4,0
30-17-413-020-0000,Prospecting - Declined,NO_CLAIM,,NOT_CHECKABLE,no-county-checkable-claim,,0,,,3,0
30-17-415-008-0000,Prospecting - Declined,NO_CLAIM,,NOT_CHECKABLE,no-county-checkable-claim,,0,,,0,0
30-18-208-001-0000,Prospecting - Inspection Complete/Muni Evidence Needed,NO_CLAIM,,NOT_CHECKABLE,no-county-checkable-claim,,0,,,1,0
30-18-208-029-0000,Prospecting - Inspection Complete/Muni Evidence Needed,NO_CLAIM,,NOT_CHECKABLE,no-county-checkable-claim,,0,,,2,0
30-18-208-030-0000,Associated Parcel - Pre Inventory,NO_CLAIM,,NOT_CHECKABLE,no-county-checkable-claim,,0,,,1,0
30-18-208-031-0000,Associated Parcel - Pre Inventory,NO_CLAIM,,NOT_CHECKABLE,no-county-checkable-claim,,0,,,1,0
30-18-208-035-0000,Sold,DISPOSED,2022-06-15,CONTRADICTED,,D3,3,wvhk-k5uv 2217317013 2022-05-26 None -> REYNA  BRITO,,1,0
30-18-209-064-0000,Sold,DISPOSED,2022-12-16,SUPPORTED,,D1,1,wvhk-k5uv 2300408018 2022-11-17 SOUTH SUBURBAN LAND BANK AND DEVELOPMENT AUTHORITY -> E & G REMODELING LLC,,1,0
30-18-219-020-0000,Prospecting - Inspection Complete/Muni Evidence Needed,NO_CLAIM,,NOT_CHECKABLE,no-county-checkable-claim,,0,,,0,0
30-18-219-021-0000,Associated Parcel - Pre Inventory,NO_CLAIM,,NOT_CHECKABLE,no-county-checkable-claim,,0,,,0,0
30-20-102-012-0000,Acquisition Underway,NO_CLAIM,,NOT_CHECKABLE,no-county-checkable-claim,,0,,,3,0
30-20-102-054-0000,Acquisition Underway,NO_CLAIM,,NOT_CHECKABLE,no-county-checkable-claim,,0,,,4,0
30-29-113-056-0000,Sold,DISPOSED,2017-06-01,SUPPORTED,,D1,1,wvhk-k5uv 1717045051 2017-06-16 SOUTH SUBURBAN LAND BANK -> WHITE PINES CAPITAL PARTN,,1,0
30-29-207-044-0000,Sold,DISPOSED,2026-02-12,SUPPORTED,,D1,1,wvhk-k5uv 2605510004 2026-02-02 SOUTH SUBURBAN LAND BANK AND DEVELOPMENT AUTHORITY -> JOSE H.  ZAMUDIO,,1,0
30-30-206-050-0000,Sold,DISPOSED,2018-08-23,SUPPORTED,,D1,1,wvhk-k5uv 1824017019 2018-08-23 SOUTH SUBURBAN LAND BANK -> BERTHA BAUTISTA,,1,0
30-30-213-006-0000,Sold,DISPOSED,2016-10-01,SUPPORTED,,D1,1,wvhk-k5uv 1630029043 2016-10-10 SOUTH SUBURBAN LAND BANK AND DEVELOPMENT AUTHORITY -> VIAMONTE REALTY LLC,,0,0
30-30-222-036-0000,Sold,DISPOSED,2018-02-12,SUPPORTED,,D1,1,"wvhk-k5uv 1804722066 2018-01-08 SOUTH SUBURBAN LAND BANK -> OCAMPO INVESTMENTS GROUP,",,1,0
30-31-206-023-0000,Sold,DISPOSED,2017-11-01,SUPPORTED,,D1,1,wvhk-k5uv 1730615150 2017-11-01 SOUTH SUBURBAN LAND BANK -> MICHAEL VILLAGOMEZ,,4,0
30-31-210-031-0000,Sold,DISPOSED,2017-01-01,UNSUPPORTED_NO_RECORD,,D4,1,"wvhk-k5uv,3723-97qp   no machine-readable record found in the queried datasets",,3,0
30-32-117-014-0000,Sold,DISPOSED,2017-12-01,SUPPORTED,,D1,1,wvhk-k5uv 1733806041 2017-12-01 SOUTH SUBURBAN LAND BANK -> ANDRES BELTRAN FLORES,,3,0
31-01-112-004-0000,Prospecting - Inspection Complete/Muni Evidence Needed,NO_CLAIM,,NOT_CHECKABLE,no-county-checkable-claim,,0,,,0,0
31-02-100-006-0000,Sold,DISPOSED,2017-01-01,SUPPORTED,,D1,1,wvhk-k5uv 1730445065 2017-10-11 SOUTH SUBURBAN LAND BANK -> VILLAGE OF HAZEL CREST,,4,0
31-02-201-012-0000,Prospecting - Declined,NO_CLAIM,,NOT_CHECKABLE,no-county-checkable-claim,,0,,,0,0
31-03-102-021-0000,Prospecting - Evidence Captured,NO_CLAIM,,NOT_CHECKABLE,no-county-checkable-claim,,0,,,0,0
31-03-305-026-0000,Prospecting - Inspection Complete/Muni Evidence Needed,NO_CLAIM,,NOT_CHECKABLE,no-county-checkable-claim,,0,,,1,0
31-03-306-019-0000,Prospecting - Inspection Complete/Muni Evidence Needed,NO_CLAIM,,NOT_CHECKABLE,no-county-checkable-claim,,0,,,2,0
31-04-400-025-0000,Prospecting - Evidence Captured,NO_CLAIM,,NOT_CHECKABLE,no-county-checkable-claim,,0,,,1,0
31-04-415-001-0000,Prospecting - Hold for Review,NO_CLAIM,,NOT_CHECKABLE,no-county-checkable-claim,,0,,,1,0
31-13-106-023-0000,Secured Inventory - Active,HELD,,UNSUPPORTED_NO_RECORD,,H4,1,"wvhk-k5uv,3723-97qp   no machine-readable record found in the queried datasets",,0,0
31-13-106-024-0000,Secured Inventory - Active,HELD,,UNSUPPORTED_NO_RECORD,,H4,1,"wvhk-k5uv,3723-97qp   no machine-readable record found in the queried datasets",,0,0
31-13-106-025-0000,Secured Inventory - Active,HELD,,UNSUPPORTED_NO_RECORD,,H4,1,"wvhk-k5uv,3723-97qp   no machine-readable record found in the queried datasets",,0,0
31-13-106-026-0000,Secured Inventory - Active,HELD,,UNSUPPORTED_NO_RECORD,,H4,1,"wvhk-k5uv,3723-97qp   no machine-readable record found in the queried datasets",,0,0
31-13-106-027-0000,Secured Inventory - Active,HELD,,UNSUPPORTED_NO_RECORD,,H4,1,"wvhk-k5uv,3723-97qp   no machine-readable record found in the queried datasets",,0,0
31-14-101-005-0000,Sold,DISPOSED,2022-10-13,SUPPORTED,,D1,1,wvhk-k5uv 2230057028 2022-10-10 SOUTH SUBURBAN LAND BANK AND DEVELOPMENT AUTHORITY -> VILLAGE OF OLYMPIA FIELDS,,2,0
31-14-407-006-0000,Secured Inventory - Active,HELD,,AMBIGUOUS,,H5,1,3723-97qp 311440700600002021 2021 owner=ANNE SMART mail=SO SUBURBAN LAND BANK,,3,0
31-14-409-007-0000,Secured Inventory - Active,HELD,,SUPPORTED,,H2,1,wvhk-k5uv 1817313036 2018-06-01 THOMAS R. SUMNER -> SOUTH SUBURBAN LAND BANK,,0,0
31-14-409-008-0000,Associated Parcel - Inventory,NO_CLAIM,,NOT_CHECKABLE,no-county-checkable-claim,,0,,,0,0
31-15-306-023-0000,Prospecting - Declined,NO_CLAIM,,NOT_CHECKABLE,no-county-checkable-claim,,0,,,3,0
31-17-315-004-0000,To Be Secured,CLAIM_UNCLEAR,,NOT_CHECKABLE,status-semantics-unresolved,,0,,,0,0
31-19-405-018-0000,Prospecting - Declined,NO_CLAIM,,NOT_CHECKABLE,no-county-checkable-claim,,0,,,0,0
31-20-207-016-0000,Acquisition Underway,NO_CLAIM,,NOT_CHECKABLE,no-county-checkable-claim,,0,,,1,0
31-22-204-051-0000,Prospecting - Declined,NO_CLAIM,,NOT_CHECKABLE,no-county-checkable-claim,,0,,,1,0
31-22-400-008-0000,Sold,DISPOSED,2017-03-01,SUPPORTED,,D1,1,wvhk-k5uv 1706610083 2017-03-02 SOUTH SUBURBAN LAND BANK -> ARJUN ANIKA CORPORATION,,1,0
31-22-400-025-0000,Case Dismissed,NO_CLAIM,,NOT_CHECKABLE,no-county-checkable-claim,,0,,,0,0
31-22-400-026-0000,Sold,DISPOSED,2025-02-21,SUPPORTED,,D1,1,wvhk-k5uv 2509323032 2025-02-19 SOUTH SUBURBAN LAND BANK AND DEVELOPMENT AUTHORITY -> MIRACLE COMPREHENSIVE SERVICES INC.,,1,0
31-23-105-016-0000,Under Contract,HELD,,UNSUPPORTED_NO_RECORD,,H4,1,"wvhk-k5uv,3723-97qp   no machine-readable record found in the queried datasets",,0,0
31-23-307-009-0000,Prospecting - Declined,NO_CLAIM,,NOT_CHECKABLE,no-county-checkable-claim,,0,,,0,0
31-23-307-018-0000,Associated Parcel - Inventory,NO_CLAIM,,NOT_CHECKABLE,no-county-checkable-claim,,0,,,1,0
31-23-307-019-0000,Under Contract,HELD,,UNSUPPORTED_NO_RECORD,,H4,1,"wvhk-k5uv,3723-97qp   no machine-readable record found in the queried datasets",,1,0
31-23-308-015-0000,Prospecting - Declined,NO_CLAIM,,NOT_CHECKABLE,no-county-checkable-claim,,0,,,0,0
31-23-308-020-0000,Secured Inventory - Banked,HELD,,UNSUPPORTED_NO_RECORD,,H4,1,"wvhk-k5uv,3723-97qp   no machine-readable record found in the queried datasets",,1,0
31-23-308-021-0000,To Be Secured,CLAIM_UNCLEAR,,NOT_CHECKABLE,status-semantics-unresolved,,0,,,1,0
31-23-309-014-0000,Prospecting - Declined,NO_CLAIM,,NOT_CHECKABLE,no-county-checkable-claim,,0,,,1,0
31-23-408-001-0000,Deed Recorded,CLAIM_UNCLEAR,,NOT_CHECKABLE,status-semantics-unresolved,,0,,,1,0
31-23-433-005-0000,Sold,DISPOSED,2022-06-07,SUPPORTED,,D1,1,wvhk-k5uv 2215917115 2022-04-26 SOUTH SUBURBAN LAND BANK AND DEVELOPMENT AUTHORITY -> FREIGHT PUSHERS LLC,,1,0
31-24-318-004-0000,Sold,DISPOSED,2024-02-28,SUPPORTED,,D1,1,"wvhk-k5uv 2406618057 2024-01-18 SOUTH SUBURBAN LAND BANK AND DEVELOPMENT AUTHORITY -> DUNN REAL ESTATE INVESTMENTS, LLC",,1,0
31-24-323-018-0000,Sold,DISPOSED,2021-12-08,SUPPORTED,,D1,1,wvhk-k5uv 2200645020 2021-11-29 SOUTH SUBURBAN LAND BANK AND DEVELOPMENT AUTHORITY -> MUSTAFA REAL ESTATE LLC,,1,0
31-24-403-020-0000,Sold,DISPOSED,2019-11-14,SUPPORTED,,D1,1,wvhk-k5uv 1931841108 2019-10-01 SOUTH SUBURBAN LAND BANK -> VILLAGE OF OLYMPIA FIELDS,,2,0
31-24-427-003-0000,Sold,DISPOSED,2017-02-01,SUPPORTED,,D1,1,wvhk-k5uv 1705810089 2017-02-23 SOUTH SUBURBAN LAND BANK -> B.T.L. EMPIRE LLC,,0,0
31-24-428-002-0000,Sold,DISPOSED,2022-05-13,SUPPORTED,,D1,1,wvhk-k5uv 2213810010 2022-04-26 SOUTH SUBURBAN LAND BANK AND DEVELOPMENT AUTHORITY -> MARIA G. ARELLANO,,1,0
31-24-435-004-0000,Sold,DISPOSED,2022-05-06,SUPPORTED,,D1,1,"wvhk-k5uv 2213107070 2022-04-22 SOUTH SUBURBAN LAND BANK AND DEVELOPMENT AUTHORITY -> ACCOUNTABLE HOME BUYERS, INC.",,1,0
31-24-437-031-0000,Sold,DISPOSED,2024-01-09,SUPPORTED,,D1,1,wvhk-k5uv 2401633146 2023-12-21 SOUTH SUBURBAN LAND BANK AND DEVELOPMENT AUTHORITY -> JOELEE  BLOCKSON,,0,0
31-24-441-029-0000,Sold,DISPOSED,2020-08-21,SUPPORTED,,D1,1,wvhk-k5uv 2024134032 2020-08-21 SOUTH SUBURBAN LAND BANK -> PRESTIGE HOUSING SOLUTION,,0,0
31-24-441-046-0000,Sold,DISPOSED,2024-03-21,SUPPORTED,,D1,1,wvhk-k5uv 2409230108 2024-02-29 SOUTH SUBURBAN LAND BANK AND DEVELOPMENT AUTHORITY -> ACCOUNTABLE HOME BUYERS INC,,0,0
31-25-105-014-0000,Sold,DISPOSED,2019-09-03,SUPPORTED,,D1,1,wvhk-k5uv 1924913012 2019-08-21 SOUTH SUBURBAN LAND BANK -> RETRAC INTERNATIONAL LLC,,1,0
31-25-203-010-0000,Sold,DISPOSED,2022-05-06,SUPPORTED,,D1,1,wvhk-k5uv 2213133125 2022-04-13 SOUTH SUBURBAN LAND BANK AND DEVELOPMENT AUTHORITY -> SABA HAQQI,,4,1
31-25-205-013-0000,Sold,DISPOSED,2023-12-20,SUPPORTED,,D1,1,wvhk-k5uv 2400428022 2023-12-01 SOUTH SUBURBAN LAND BANK AND DEVELOPMENT AUTHORITY -> CASTLE RIDGE BUILDERS LLC,,4,1
31-25-305-036-0000,Secured Inventory - Active,HELD,,UNSUPPORTED_NO_RECORD,,H4,1,"wvhk-k5uv,3723-97qp   no machine-readable record found in the queried datasets",,0,0
31-26-101-010-0000,Prospecting - Declined,NO_CLAIM,,NOT_CHECKABLE,no-county-checkable-claim,,0,,,1,0
31-26-107-003-0000,Prospecting - Declined,NO_CLAIM,,NOT_CHECKABLE,no-county-checkable-claim,,0,,,1,0
31-26-107-004-0000,Prospecting - Declined,NO_CLAIM,,NOT_CHECKABLE,no-county-checkable-claim,,0,,,2,0
31-26-117-020-0000,Prospecting - Declined,NO_CLAIM,,NOT_CHECKABLE,no-county-checkable-claim,,0,,,1,0
31-26-119-002-0000,Secured Inventory - Banked,HELD,,UNSUPPORTED_NO_RECORD,,H4,1,"wvhk-k5uv,3723-97qp   no machine-readable record found in the queried datasets",,3,0
31-26-208-011-0000,Sold,DISPOSED,2024-06-03,SUPPORTED,,D1,1,wvhk-k5uv 2415724245 2024-05-16 SOUTH SUBURBAN LAND BANK AND DEVELOPMENT AUTHORITY -> DENNIS BURRIS,,0,0
31-26-300-061-0000,Sold,DISPOSED,2024-11-19,CONTRADICTED,,D3,13,wvhk-k5uv 2433824102 2024-11-12 None -> None,,1,0
31-26-300-062-0000,Associated Parcel - Inventory,NO_CLAIM,,NOT_CHECKABLE,no-county-checkable-claim,,0,,,2,0
31-26-300-063-0000,Associated Parcel - Inventory,NO_CLAIM,,NOT_CHECKABLE,no-county-checkable-claim,,0,,,1,0
31-26-305-008-0000,Sold,DISPOSED,2017-03-01,SUPPORTED,,D1,1,wvhk-k5uv 1707329096 2017-03-10 SOUTH SUBURBAN LAND BANK -> B.T.L. EMPIRE LLC,,0,0
31-26-306-016-0000,Sold,DISPOSED,2025-06-05,SUPPORTED,,D1,1,wvhk-k5uv 2517630121 2025-06-02 SOUTH SUBURBAN LAND BANK AND DEVELOPMENT AUTHORITY -> CASTLE RIDGE BUILDERS LLC,,3,0
31-26-313-052-0000,Sold,DISPOSED,2016-08-01,SUPPORTED,,D1,1,wvhk-k5uv 1628001061 2016-08-23 SOUTH SUBURBAN LAND BANK AND DEVELOPMENT AUTHORITY -> JOEL O. AYAMOLOWO,,0,0
31-26-314-022-0000,Sold,DISPOSED,2020-09-30,SUPPORTED,,D1,1,wvhk-k5uv 2029617019 2020-09-30 SOUTH SUBURBAN LAND BANK -> THALASSA M.  MILLWOOD,,0,0
31-26-402-009-0000,Acquisition Underway,NO_CLAIM,,NOT_CHECKABLE,no-county-checkable-claim,,0,,,1,0
31-26-403-006-0000,Sold,DISPOSED,2024-01-09,SUPPORTED,,D1,1,"wvhk-k5uv 2401813106 2023-12-21 SOUTH SUBURBAN LAND BANK AND DEVELOPMENT AUTHORITY -> JAN MAREK DUDA ENTERPRISES, INC.",,1,0
31-26-408-017-0000,Sold,DISPOSED,2023-11-13,SUPPORTED,,D1,1,wvhk-k5uv 2332033005 2023-11-03 SOUTH SUBURBAN LAND BANK AND DEVELOPMENT AUTHORITY -> CASTLE RIDGE BUILDERS LLC,,0,0
31-26-410-010-0000,Sold,DISPOSED,2023-11-17,SUPPORTED,,D1,1,wvhk-k5uv 2336013249 2023-11-03 SOUTH SUBURBAN LAND BANK AND DEVELOPMENT AUTHORITY -> M & M HOME SOLUTIONS LLC,,1,0
31-26-412-004-0000,Sold,DISPOSED,2019-07-29,SUPPORTED,,D1,1,"wvhk-k5uv 1921908090 2019-07-29 SOUTH SUBURBAN LAND BANK -> DINU`S CONSTRUCTION, INC.",,0,0
31-26-412-010-0000,Sold,DISPOSED,2023-10-10,SUPPORTED,,D1,1,wvhk-k5uv 2329755142 2023-09-15 SOUTH SUBURBAN LAND BANK AND DEVELOPMENT AUTHORITY -> GUSTAVO ARIAS,,2,0
31-26-412-016-0000,Sold,DISPOSED,2024-05-22,SUPPORTED,,D1,1,wvhk-k5uv 2414509019 2024-05-14 SOUTH SUBURBAN LAND BANK AND DEVELOPMENT AUTHORITY -> VILLAGE OF PARK FOREST,,1,0
31-26-415-013-0000,Sold,DISPOSED,2026-03-11,SUPPORTED,,D1,1,wvhk-k5uv 2607211061 2026-02-19 SOUTH SUBURBAN LAND BANK AND DEVELOPMENT AUTHORITY -> DENNIS BURRIS,,0,0
31-26-416-015-0000,Acquisition Underway,NO_CLAIM,,NOT_CHECKABLE,no-county-checkable-claim,,0,,,1,0
31-26-418-001-0000,Sold,DISPOSED,2022-01-25,SUPPORTED,,D1,1,wvhk-k5uv 2205934040 2022-01-05 SOUTH SUBURBAN LAND BANK AND DEVELOPMENT AUTHORITY -> MILSBY CUSTOMIZED HOMES AND RENOVATION SPECIALIST INC.,,3,0
31-26-420-015-0000,Sold,DISPOSED,2019-10-01,SUPPORTED,,D1,1,wvhk-k5uv 1928241094 2019-09-16 SOUTH SUBURBAN LAND BANK -> PRESTIGE HOUSING SOLUTION,,1,0
31-27-301-002-0000,Secured Inventory - Active,HELD,,UNSUPPORTED_NO_RECORD,,H4,1,"wvhk-k5uv,3723-97qp   no machine-readable record found in the queried datasets",,4,0
31-27-302-005-0000,Acquisition Method Failure,NO_CLAIM,,NOT_CHECKABLE,no-county-checkable-claim,,0,,,2,0
31-27-307-030-0000,Secured Inventory - Active,HELD,,UNSUPPORTED_NO_RECORD,,H4,1,"wvhk-k5uv,3723-97qp   no machine-readable record found in the queried datasets",,0,0
31-27-310-003-0000,Sold,DISPOSED,2017-03-01,AMBIGUOUS,,D1+NEAR-MISS,1,wvhk-k5uv 1707610074 2017-03-16 SOUTH SUBURBAN LAND BANK -> ALEJANDRO TORRES,SOUTH SUB LAND BK,0,0
31-27-310-014-0000,Acquisition Method Failure,NO_CLAIM,2019-03-13,NOT_CHECKABLE,no-county-checkable-claim,,0,,,0,0
31-27-314-002-0000,Sold,DISPOSED,2025-05-13,SUPPORTED,,D1,1,"wvhk-k5uv 2514116033 2025-05-09 SOUTH SUBURBAN LAND BANK AND DEVELOPMENT AUTHORITY -> CASTLE RIDGE BUILDERS, LLC",,3,0
31-27-315-015-0000,Acquisition Method Failure,NO_CLAIM,,NOT_CHECKABLE,no-county-checkable-claim,,0,,,1,0
31-27-318-021-0000,Case Dismissed,NO_CLAIM,,NOT_CHECKABLE,no-county-checkable-claim,,0,,,1,0
31-27-318-023-0000,Deed Recorded,CLAIM_UNCLEAR,,NOT_CHECKABLE,status-semantics-unresolved,,0,,,0,0
31-27-402-008-0000,Acquisition Method Failure,NO_CLAIM,,NOT_CHECKABLE,no-county-checkable-claim,,0,,,1,0
31-27-402-044-0000,Secured Inventory - Active,HELD,,UNSUPPORTED_NO_RECORD,,H4,1,"wvhk-k5uv,3723-97qp   no machine-readable record found in the queried datasets",,2,0
31-27-402-051-0000,Secured Inventory - Active,HELD,,UNSUPPORTED_NO_RECORD,,H4,1,"wvhk-k5uv,3723-97qp   no machine-readable record found in the queried datasets",,1,0
31-27-402-053-0000,Secured Inventory - Active,HELD,,UNSUPPORTED_NO_RECORD,,H4,1,"wvhk-k5uv,3723-97qp   no machine-readable record found in the queried datasets",,1,0
31-27-403-027-0000,Sold,DISPOSED,2025-08-12,SUPPORTED,,D1,1,wvhk-k5uv 2522719003 2025-07-25 SOUTH SUBURBAN LAND BANK AND DEVELOPMENT AUTHORITY -> JOSEFINA NIEVES   ANGEL,,3,0
31-27-409-010-0000,Prospecting - Declined,NO_CLAIM,,NOT_CHECKABLE,no-county-checkable-claim,,0,,,1,0
31-27-409-012-0000,Secured Inventory - Active,HELD,,UNSUPPORTED_NO_RECORD,,H4,1,"wvhk-k5uv,3723-97qp   no machine-readable record found in the queried datasets",,0,0
31-27-410-005-0000,Sold,DISPOSED,2025-04-17,SUPPORTED,,D1,1,"wvhk-k5uv 2527410078 2025-04-10 SOUTH SUBURBAN LAND BANK AND DEVELOPMENT AUTHORITY -> CASTLE RIDGE BUILDERS, LLC",,2,0
31-27-410-045-0000,Case Dismissed,NO_CLAIM,,NOT_CHECKABLE,no-county-checkable-claim,,0,,,4,0
31-28-406-011-0000,Acquisition Method Failure,NO_CLAIM,,NOT_CHECKABLE,no-county-checkable-claim,,0,,,0,0
31-32-103-002-0000,Secured Inventory - Active,HELD,,UNSUPPORTED_NO_RECORD,,H4,1,"wvhk-k5uv,3723-97qp   no machine-readable record found in the queried datasets",,0,0
31-32-103-005-0000,Secured Inventory - Active,HELD,,UNSUPPORTED_NO_RECORD,,H4,1,"wvhk-k5uv,3723-97qp   no machine-readable record found in the queried datasets",,2,0
31-32-103-006-0000,Secured Inventory - Active,HELD,,UNSUPPORTED_NO_RECORD,,H4,1,"wvhk-k5uv,3723-97qp   no machine-readable record found in the queried datasets",,2,0
31-32-103-007-0000,Secured Inventory - Active,HELD,,UNSUPPORTED_NO_RECORD,,H4,1,"wvhk-k5uv,3723-97qp   no machine-readable record found in the queried datasets",,2,0
31-32-103-008-0000,Secured Inventory - Active,HELD,,UNSUPPORTED_NO_RECORD,,H4,1,"wvhk-k5uv,3723-97qp   no machine-readable record found in the queried datasets",,2,0
31-32-103-010-0000,Secured Inventory - Active,HELD,,UNSUPPORTED_NO_RECORD,,H4,1,"wvhk-k5uv,3723-97qp   no machine-readable record found in the queried datasets",,0,0
31-32-103-012-0000,Secured Inventory - Active,HELD,,UNSUPPORTED_NO_RECORD,,H4,1,"wvhk-k5uv,3723-97qp   no machine-readable record found in the queried datasets",,0,0
31-32-103-014-0000,Secured Inventory - Active,HELD,,UNSUPPORTED_NO_RECORD,,H4,1,"wvhk-k5uv,3723-97qp   no machine-readable record found in the queried datasets",,0,0
31-32-103-016-0000,Secured Inventory - Active,HELD,,UNSUPPORTED_NO_RECORD,,H4,1,"wvhk-k5uv,3723-97qp   no machine-readable record found in the queried datasets",,2,0
31-32-103-018-0000,Secured Inventory - Active,HELD,,UNSUPPORTED_NO_RECORD,,H4,1,"wvhk-k5uv,3723-97qp   no machine-readable record found in the queried datasets",,2,0
31-32-103-020-0000,Secured Inventory - Active,HELD,,UNSUPPORTED_NO_RECORD,,H4,1,"wvhk-k5uv,3723-97qp   no machine-readable record found in the queried datasets",,0,0
31-32-103-021-0000,Secured Inventory - Active,HELD,,UNSUPPORTED_NO_RECORD,,H4,1,"wvhk-k5uv,3723-97qp   no machine-readable record found in the queried datasets",,0,0
31-32-103-023-0000,Secured Inventory - Active,HELD,,UNSUPPORTED_NO_RECORD,,H4,1,"wvhk-k5uv,3723-97qp   no machine-readable record found in the queried datasets",,0,0
31-32-103-024-0000,Secured Inventory - Active,HELD,,UNSUPPORTED_NO_RECORD,,H4,1,"wvhk-k5uv,3723-97qp   no machine-readable record found in the queried datasets",,2,0
31-32-103-025-0000,Secured Inventory - Active,HELD,,UNSUPPORTED_NO_RECORD,,H4,1,"wvhk-k5uv,3723-97qp   no machine-readable record found in the queried datasets",,0,0
31-32-103-026-0000,Secured Inventory - Active,HELD,,UNSUPPORTED_NO_RECORD,,H4,1,"wvhk-k5uv,3723-97qp   no machine-readable record found in the queried datasets",,2,0
31-32-104-002-0000,Secured Inventory - Active,HELD,,UNSUPPORTED_NO_RECORD,,H4,1,"wvhk-k5uv,3723-97qp   no machine-readable record found in the queried datasets",,0,0
31-32-104-005-0000,Secured Inventory - Active,HELD,,UNSUPPORTED_NO_RECORD,,H4,1,"wvhk-k5uv,3723-97qp   no machine-readable record found in the queried datasets",,0,0
31-32-104-006-0000,Secured Inventory - Active,HELD,,UNSUPPORTED_NO_RECORD,,H4,1,"wvhk-k5uv,3723-97qp   no machine-readable record found in the queried datasets",,2,0
31-32-104-008-0000,Secured Inventory - Active,HELD,,UNSUPPORTED_NO_RECORD,,H4,1,"wvhk-k5uv,3723-97qp   no machine-readable record found in the queried datasets",,2,0
31-32-104-009-0000,Secured Inventory - Active,HELD,,UNSUPPORTED_NO_RECORD,,H4,1,"wvhk-k5uv,3723-97qp   no machine-readable record found in the queried datasets",,0,0
31-32-104-010-0000,Secured Inventory - Active,HELD,,UNSUPPORTED_NO_RECORD,,H4,1,"wvhk-k5uv,3723-97qp   no machine-readable record found in the queried datasets",,0,0
31-32-104-012-0000,Secured Inventory - Active,HELD,,UNSUPPORTED_NO_RECORD,,H4,1,"wvhk-k5uv,3723-97qp   no machine-readable record found in the queried datasets",,0,0
31-32-104-013-0000,Secured Inventory - Active,HELD,,UNSUPPORTED_NO_RECORD,,H4,1,"wvhk-k5uv,3723-97qp   no machine-readable record found in the queried datasets",,0,0
31-32-104-014-0000,Secured Inventory - Active,HELD,,UNSUPPORTED_NO_RECORD,,H4,1,"wvhk-k5uv,3723-97qp   no machine-readable record found in the queried datasets",,0,0
31-32-104-015-0000,Secured Inventory - Active,HELD,,UNSUPPORTED_NO_RECORD,,H4,1,"wvhk-k5uv,3723-97qp   no machine-readable record found in the queried datasets",,0,0
31-32-104-016-0000,Secured Inventory - Active,HELD,,UNSUPPORTED_NO_RECORD,,H4,1,"wvhk-k5uv,3723-97qp   no machine-readable record found in the queried datasets",,0,0
31-32-104-017-0000,Secured Inventory - Active,HELD,,UNSUPPORTED_NO_RECORD,,H4,1,"wvhk-k5uv,3723-97qp   no machine-readable record found in the queried datasets",,0,0
31-32-104-018-0000,Secured Inventory - Active,HELD,,UNSUPPORTED_NO_RECORD,,H4,1,"wvhk-k5uv,3723-97qp   no machine-readable record found in the queried datasets",,0,0
31-32-104-019-0000,Secured Inventory - Active,HELD,,UNSUPPORTED_NO_RECORD,,H4,1,"wvhk-k5uv,3723-97qp   no machine-readable record found in the queried datasets",,0,0
31-32-104-020-0000,Secured Inventory - Active,HELD,,UNSUPPORTED_NO_RECORD,,H4,1,"wvhk-k5uv,3723-97qp   no machine-readable record found in the queried datasets",,0,0
31-32-104-021-0000,Secured Inventory - Active,HELD,,UNSUPPORTED_NO_RECORD,,H4,1,"wvhk-k5uv,3723-97qp   no machine-readable record found in the queried datasets",,0,0
31-32-104-022-0000,Secured Inventory - Active,HELD,,UNSUPPORTED_NO_RECORD,,H4,1,"wvhk-k5uv,3723-97qp   no machine-readable record found in the queried datasets",,0,0
31-32-104-023-0000,Secured Inventory - Active,HELD,,UNSUPPORTED_NO_RECORD,,H4,1,"wvhk-k5uv,3723-97qp   no machine-readable record found in the queried datasets",,0,0
31-32-104-024-0000,Secured Inventory - Active,HELD,,UNSUPPORTED_NO_RECORD,,H4,1,"wvhk-k5uv,3723-97qp   no machine-readable record found in the queried datasets",,0,0
31-32-104-025-0000,Secured Inventory - Active,HELD,,UNSUPPORTED_NO_RECORD,,H4,1,"wvhk-k5uv,3723-97qp   no machine-readable record found in the queried datasets",,0,0
31-32-104-026-0000,Secured Inventory - Active,HELD,,UNSUPPORTED_NO_RECORD,,H4,1,"wvhk-k5uv,3723-97qp   no machine-readable record found in the queried datasets",,0,0
31-32-104-027-0000,Secured Inventory - Active,HELD,,UNSUPPORTED_NO_RECORD,,H4,1,"wvhk-k5uv,3723-97qp   no machine-readable record found in the queried datasets",,0,0
31-32-104-028-0000,Secured Inventory - Active,HELD,,UNSUPPORTED_NO_RECORD,,H4,1,"wvhk-k5uv,3723-97qp   no machine-readable record found in the queried datasets",,0,0
31-32-104-029-0000,Secured Inventory - Active,HELD,,UNSUPPORTED_NO_RECORD,,H4,1,"wvhk-k5uv,3723-97qp   no machine-readable record found in the queried datasets",,2,0
31-32-105-001-0000,Secured Inventory - Active,HELD,,UNSUPPORTED_NO_RECORD,,H4,1,"wvhk-k5uv,3723-97qp   no machine-readable record found in the queried datasets",,0,0
31-32-105-002-0000,Secured Inventory - Active,HELD,,UNSUPPORTED_NO_RECORD,,H4,1,"wvhk-k5uv,3723-97qp   no machine-readable record found in the queried datasets",,2,0
31-32-105-003-0000,Secured Inventory - Active,HELD,,UNSUPPORTED_NO_RECORD,,H4,1,"wvhk-k5uv,3723-97qp   no machine-readable record found in the queried datasets",,2,0
31-32-105-004-0000,Secured Inventory - Active,HELD,,UNSUPPORTED_NO_RECORD,,H4,1,"wvhk-k5uv,3723-97qp   no machine-readable record found in the queried datasets",,0,0
31-32-105-006-0000,Secured Inventory - Active,HELD,,UNSUPPORTED_NO_RECORD,,H4,1,"wvhk-k5uv,3723-97qp   no machine-readable record found in the queried datasets",,2,0
31-32-105-007-0000,Secured Inventory - Active,HELD,,UNSUPPORTED_NO_RECORD,,H4,1,"wvhk-k5uv,3723-97qp   no machine-readable record found in the queried datasets",,0,0
31-32-105-008-0000,Secured Inventory - Active,HELD,,UNSUPPORTED_NO_RECORD,,H4,1,"wvhk-k5uv,3723-97qp   no machine-readable record found in the queried datasets",,2,0
31-32-105-012-0000,Secured Inventory - Active,HELD,,UNSUPPORTED_NO_RECORD,,H4,1,"wvhk-k5uv,3723-97qp   no machine-readable record found in the queried datasets",,2,0
31-32-105-014-0000,Secured Inventory - Active,HELD,,UNSUPPORTED_NO_RECORD,,H4,1,"wvhk-k5uv,3723-97qp   no machine-readable record found in the queried datasets",,2,0
31-32-105-016-0000,Secured Inventory - Active,HELD,,UNSUPPORTED_NO_RECORD,,H4,1,"wvhk-k5uv,3723-97qp   no machine-readable record found in the queried datasets",,2,0
31-32-105-018-0000,Secured Inventory - Active,HELD,,UNSUPPORTED_NO_RECORD,,H4,1,"wvhk-k5uv,3723-97qp   no machine-readable record found in the queried datasets",,2,0
31-32-105-019-0000,Secured Inventory - Active,HELD,,UNSUPPORTED_NO_RECORD,,H4,1,"wvhk-k5uv,3723-97qp   no machine-readable record found in the queried datasets",,0,0
31-32-105-020-0000,Secured Inventory - Active,HELD,,UNSUPPORTED_NO_RECORD,,H4,1,"wvhk-k5uv,3723-97qp   no machine-readable record found in the queried datasets",,0,0
31-32-105-021-0000,Secured Inventory - Active,HELD,,UNSUPPORTED_NO_RECORD,,H4,1,"wvhk-k5uv,3723-97qp   no machine-readable record found in the queried datasets",,0,0
31-32-105-023-0000,Secured Inventory - Active,HELD,,UNSUPPORTED_NO_RECORD,,H4,1,"wvhk-k5uv,3723-97qp   no machine-readable record found in the queried datasets",,0,0
31-32-105-024-0000,Secured Inventory - Active,HELD,,UNSUPPORTED_NO_RECORD,,H4,1,"wvhk-k5uv,3723-97qp   no machine-readable record found in the queried datasets",,2,0
31-32-106-003-0000,Secured Inventory - Active,HELD,,UNSUPPORTED_NO_RECORD,,H4,1,"wvhk-k5uv,3723-97qp   no machine-readable record found in the queried datasets",,0,0
31-32-106-004-0000,Secured Inventory - Active,HELD,,UNSUPPORTED_NO_RECORD,,H4,1,"wvhk-k5uv,3723-97qp   no machine-readable record found in the queried datasets",,2,0
31-32-106-005-0000,Secured Inventory - Active,HELD,,UNSUPPORTED_NO_RECORD,,H4,1,"wvhk-k5uv,3723-97qp   no machine-readable record found in the queried datasets",,2,0
31-32-106-007-0000,Secured Inventory - Active,HELD,,UNSUPPORTED_NO_RECORD,,H4,1,"wvhk-k5uv,3723-97qp   no machine-readable record found in the queried datasets",,2,0
31-32-106-008-0000,Secured Inventory - Active,HELD,,UNSUPPORTED_NO_RECORD,,H4,1,"wvhk-k5uv,3723-97qp   no machine-readable record found in the queried datasets",,2,0
31-32-106-009-0000,Secured Inventory - Active,HELD,,UNSUPPORTED_NO_RECORD,,H4,1,"wvhk-k5uv,3723-97qp   no machine-readable record found in the queried datasets",,2,0
31-32-106-010-0000,Secured Inventory - Active,HELD,,UNSUPPORTED_NO_RECORD,,H4,1,"wvhk-k5uv,3723-97qp   no machine-readable record found in the queried datasets",,0,0
31-32-106-013-0000,Secured Inventory - Active,HELD,,UNSUPPORTED_NO_RECORD,,H4,1,"wvhk-k5uv,3723-97qp   no machine-readable record found in the queried datasets",,2,0
31-32-106-014-0000,Secured Inventory - Active,HELD,,UNSUPPORTED_NO_RECORD,,H4,1,"wvhk-k5uv,3723-97qp   no machine-readable record found in the queried datasets",,0,0
31-32-106-017-0000,Secured Inventory - Active,HELD,,UNSUPPORTED_NO_RECORD,,H4,1,"wvhk-k5uv,3723-97qp   no machine-readable record found in the queried datasets",,2,0
31-32-106-018-0000,Secured Inventory - Active,HELD,,UNSUPPORTED_NO_RECORD,,H4,1,"wvhk-k5uv,3723-97qp   no machine-readable record found in the queried datasets",,2,0
31-32-106-019-0000,Secured Inventory - Active,HELD,,UNSUPPORTED_NO_RECORD,,H4,1,"wvhk-k5uv,3723-97qp   no machine-readable record found in the queried datasets",,0,0
31-32-106-021-0000,Secured Inventory - Active,HELD,,UNSUPPORTED_NO_RECORD,,H4,1,"wvhk-k5uv,3723-97qp   no machine-readable record found in the queried datasets",,0,0
31-32-106-023-0000,Secured Inventory - Active,HELD,,UNSUPPORTED_NO_RECORD,,H4,1,"wvhk-k5uv,3723-97qp   no machine-readable record found in the queried datasets",,2,0
31-33-305-024-0000,Secured Inventory - Active,HELD,,UNSUPPORTED_NO_RECORD,,H4,1,"wvhk-k5uv,3723-97qp   no machine-readable record found in the queried datasets",,4,0
31-33-305-026-0000,Secured Inventory - Active,HELD,,UNSUPPORTED_NO_RECORD,,H4,1,"wvhk-k5uv,3723-97qp   no machine-readable record found in the queried datasets",,4,0
31-33-401-007-0000,Listed,HELD,,UNSUPPORTED_NO_RECORD,,H4,1,"wvhk-k5uv,3723-97qp   no machine-readable record found in the queried datasets",,0,0
31-33-406-021-0000,Case Dismissed,NO_CLAIM,,NOT_CHECKABLE,no-county-checkable-claim,,0,,,1,0
31-33-407-020-0000,Acquisition Method Failure,NO_CLAIM,,NOT_CHECKABLE,county-mismatch,,0,,,0,0
31-34-101-068-0000,Prospecting - Declined,NO_CLAIM,,NOT_CHECKABLE,no-county-checkable-claim,,0,,,1,0
31-34-103-016-0000,Acquisition Method Failure,NO_CLAIM,,NOT_CHECKABLE,no-county-checkable-claim,,0,,,1,0
31-34-403-009-0000,Prospecting - Windshield Survey Requested,NO_CLAIM,,NOT_CHECKABLE,no-county-checkable-claim,,0,,,1,0
31-35-100-038-0000,Sold,DISPOSED,2024-11-19,CONTRADICTED,,D3,17,wvhk-k5uv 2433824102 2024-11-12 None -> None,,0,0
31-35-100-048-0000,Sold,DISPOSED,2024-11-19,CONTRADICTED,,D3,9,wvhk-k5uv 2433824102 2024-11-12 None -> None,,0,0
31-35-100-049-0000,Sold,DISPOSED,2024-11-19,CONTRADICTED,,D3,8,wvhk-k5uv 2433824102 2024-11-12 None -> None,,0,0
31-35-100-053-0000,Sold,DISPOSED,2024-11-19,CONTRADICTED,,D3,16,wvhk-k5uv 2433824102 2024-11-12 None -> None,,0,0
31-35-100-054-0000,Sold,DISPOSED,2024-11-19,CONTRADICTED,,D3,9,wvhk-k5uv 2433824102 2024-11-12 None -> None,,0,0
31-35-102-001-0000,Sold,DISPOSED,2022-06-08,SUPPORTED,,D1,1,wvhk-k5uv 2216521134 2022-05-31 SOUTH SUBURBAN LAND BANK AND DEVELOPMENT AUTHORITY -> ZENAH TAHER,,0,0
31-35-105-001-0000,Acquisition Method Failure,NO_CLAIM,,NOT_CHECKABLE,no-county-checkable-claim,,0,,,1,0
31-35-105-002-0000,Acquisition Method Failure,NO_CLAIM,,NOT_CHECKABLE,no-county-checkable-claim,,0,,,1,0
31-35-105-003-0000,Acquisition Method Failure,NO_CLAIM,,NOT_CHECKABLE,no-county-checkable-claim,,0,,,2,0
31-35-201-010-0000,Deed Issued,CLAIM_UNCLEAR,,NOT_CHECKABLE,status-semantics-unresolved,,0,,,0,0
31-35-202-014-0000,Sold,DISPOSED,2019-01-04,SUPPORTED,,D1,1,wvhk-k5uv 1900741164 2018-12-01 SOUTH SUBURBAN LAND BANK -> KHAMIS ABUZIR,,2,0
31-35-203-017-0000,Sold,DISPOSED,2024-03-01,SUPPORTED,,D1,1,wvhk-k5uv 2411424131 2024-02-14 SOUTH SUBURBAN LAND BANK AND DEVELOPMENT AUTHORITY -> DANTE  CLANTON,,2,0
31-35-204-015-0000,Sold,DISPOSED,2016-10-01,SUPPORTED,,D1,1,wvhk-k5uv 1629210052 2016-10-14 SOUTH SUBURBAN LAND BANK AND DEVELOPMENT AUTHORITY -> ADELA SAJDEL,,0,0
31-35-205-003-0000,Sold,DISPOSED,2023-10-31,SUPPORTED,,D1,1,wvhk-k5uv 2331041065 2023-10-06 SOUTH SUBURBAN LAND BANK AND DEVELOPMENT AUTHORITY ->  JOSE A.   RUELAS,,2,0
31-35-205-008-0000,Sold,DISPOSED,2019-10-18,SUPPORTED,,D1,1,wvhk-k5uv 1929041090 2019-10-07 SOUTH SUBURBAN LAND BANK -> CHICAGO TITLE LAND TRUST,,1,0
31-35-205-009-0000,Sold,DISPOSED,2023-10-03,SUPPORTED,,D1,1,"wvhk-k5uv 2328628027 2023-09-15 SOUTH SUBURBAN LAND BANK AND DEVELOPMENT AUTHORITY -> CASTLE RIDGE BUILDERS, LLC",,1,0
31-35-206-022-0000,Sold,DISPOSED,2024-03-19,SUPPORTED,,D1,1,wvhk-k5uv 2408922046 2024-03-12 SOUTH SUBURBAN LAND BANK AND DEVELOPMENT AUTHORITY -> JDE INVESTMENTS LLC,,0,0
31-35-208-027-0000,Sold,DISPOSED,2025-06-12,UNSUPPORTED_NO_RECORD,,D4,1,"wvhk-k5uv,3723-97qp   no machine-readable record found in the queried datasets",,0,0
31-35-208-032-0000,Sold,DISPOSED,2024-04-04,SUPPORTED,,D1,1,"wvhk-k5uv 2410102160 2024-03-18 SOUTH SUBURBAN LAND BANK AND DEVELOPMENT AUTHORITY -> MAGSINO GROUP, LLC",,2,0
31-35-210-035-0000,Sold,DISPOSED,2023-10-10,SUPPORTED,,D1,1,wvhk-k5uv 2329133172 2023-09-15 SOUTH SUBURBAN LAND BANK AND DEVELOPMENT AUTHORITY -> GUSTAVO ARIAS,,0,0
31-35-212-003-0000,Acquisition Method Failure,NO_CLAIM,2017-06-01,NOT_CHECKABLE,no-county-checkable-claim,,0,,,0,0
31-35-213-049-0000,Acquisition Method Failure,NO_CLAIM,,NOT_CHECKABLE,no-county-checkable-claim,,0,,,2,0
31-35-331-006-0000,Secured Inventory - Active,HELD,,UNSUPPORTED_NO_RECORD,,H4,1,"wvhk-k5uv,3723-97qp   no machine-readable record found in the queried datasets",,4,0
31-35-331-007-0000,Secured Inventory - Active,HELD,,UNSUPPORTED_NO_RECORD,,H4,1,"wvhk-k5uv,3723-97qp   no machine-readable record found in the queried datasets",,4,0
31-35-331-008-0000,Secured Inventory - Active,HELD,,UNSUPPORTED_NO_RECORD,,H4,1,"wvhk-k5uv,3723-97qp   no machine-readable record found in the queried datasets",,4,0
31-35-331-009-0000,Secured Inventory - Active,HELD,,UNSUPPORTED_NO_RECORD,,H4,1,"wvhk-k5uv,3723-97qp   no machine-readable record found in the queried datasets",,4,0
31-35-331-010-0000,Secured Inventory - Active,HELD,,UNSUPPORTED_NO_RECORD,,H4,1,"wvhk-k5uv,3723-97qp   no machine-readable record found in the queried datasets",,4,0
31-35-331-011-0000,Secured Inventory - Active,HELD,,UNSUPPORTED_NO_RECORD,,H4,1,"wvhk-k5uv,3723-97qp   no machine-readable record found in the queried datasets",,4,0
31-35-332-018-0000,Secured Inventory - Active,HELD,,UNSUPPORTED_NO_RECORD,,H4,1,"wvhk-k5uv,3723-97qp   no machine-readable record found in the queried datasets",,4,0
31-35-333-001-0000,Secured Inventory - Active,HELD,,UNSUPPORTED_NO_RECORD,,H4,1,"wvhk-k5uv,3723-97qp   no machine-readable record found in the queried datasets",,4,0
31-35-333-002-0000,Associated Parcel - Inventory,NO_CLAIM,,NOT_CHECKABLE,no-county-checkable-claim,,0,,,4,0
31-35-333-003-0000,Associated Parcel - Inventory,NO_CLAIM,,NOT_CHECKABLE,no-county-checkable-claim,,0,,,4,0
31-35-333-015-0000,Associated Parcel - Inventory,NO_CLAIM,,NOT_CHECKABLE,no-county-checkable-claim,,0,,,4,0
31-35-333-016-0000,Associated Parcel - Inventory,NO_CLAIM,,NOT_CHECKABLE,no-county-checkable-claim,,0,,,4,0
31-35-410-017-0000,Sold,DISPOSED,2021-06-17,AMBIGUOUS,,D5,3,wvhk-k5uv 2203821365 2022-01-20 GLENDA DEVELOPMENT LLC -> AARON  LESLIE,,2,0
31-35-410-024-0000,Sold,DISPOSED,2023-10-30,SUPPORTED,,D1,1,"wvhk-k5uv 2330613219 2023-10-06 SOUTH SUBURBAN LAND BANK AND DEVELOPMENT AUTHORITY -> JACKSON ALEX & ASSOCIATES, INC",,1,0
31-35-410-031-0000,Sold,DISPOSED,2024-01-09,SUPPORTED,,D1,1,wvhk-k5uv 2401813117 2023-12-21 SOUTH SUBURBAN LAND BANK AND DEVELOPMENT AUTHORITY -> RICARDO  SOLIS,,2,1
31-35-413-011-0000,Sold,DISPOSED,2025-03-18,CONTRADICTED,,D3,5,wvhk-k5uv 2527329087 2025-09-26 LISA C. GRAY -> KEVIN VALENTINE,,2,0
31-35-414-003-0000,Acquisition Method Failure,NO_CLAIM,,NOT_CHECKABLE,no-county-checkable-claim,,0,,,0,0
31-35-415-038-0000,Sold,DISPOSED,2023-08-17,SUPPORTED,,D1,1,wvhk-k5uv 2323506186 2023-07-26 SOUTH SUBURBAN LAND BANK AND DEVELOPMENT AUTHORITY -> ROBERT  EDGECOMBE JR.,,0,0
31-35-416-037-0000,Sold,DISPOSED,2020-11-16,SUPPORTED,,D1,1,wvhk-k5uv 2036534057 2020-11-03 SOUTH SUBURBAN LAND BANK AND DEVELOPMENT AUTHORITY -> FAREEHA MEHKRI,,3,0
31-36-103-006-0000,In House Renovation Phase,HELD,,UNSUPPORTED_NO_RECORD,,H4,1,"wvhk-k5uv,3723-97qp   no machine-readable record found in the queried datasets",,1,0
31-36-103-007-0000,Sold,DISPOSED,2024-04-26,SUPPORTED,,D1,1,wvhk-k5uv 2412010016 2024-04-04 SOUTH SUBURBAN LAND BANK AND DEVELOPMENT AUTHORITY -> SUNNYMAN REALTY LLC,,1,0
31-36-104-005-0000,Prospecting - Windshield Survey Requested,NO_CLAIM,,NOT_CHECKABLE,no-county-checkable-claim,,0,,,2,0
31-36-104-025-0000,Sold,DISPOSED,2023-10-12,SUPPORTED,,D1,1,wvhk-k5uv 2329755169 2023-09-27 SOUTH SUBURBAN LAND BANK AND DEVELOPMENT AUTHORITY -> VALESA  MOORE,,1,0
31-36-105-032-0000,Prospecting - Hold for Review,NO_CLAIM,,NOT_CHECKABLE,no-county-checkable-claim,,0,,,1,0
31-36-105-042-0000,Sold,DISPOSED,2023-09-20,SUPPORTED,,D1,1,"wvhk-k5uv 2326946072 2023-08-29 SOUTH SUBURBAN LAND BANK AND DEVELOPMENT AUTHORITY -> CASTLE RIDGE BUILDERS, LLC",,4,0
31-36-106-003-0000,Sold,DISPOSED,2024-03-28,SUPPORTED,,D1,1,wvhk-k5uv 2410224328 2024-02-29 SOUTH SUBURBAN LAND BANK AND DEVELOPMENT AUTHORITY -> JOSE CARLOS SAENZ,,2,0
31-36-106-032-0000,Sold,DISPOSED,2024-01-31,SUPPORTED,,D1,1,wvhk-k5uv 2403706109 2024-01-18 SOUTH SUBURBAN LAND BANK AND DEVELOPMENT AUTHORITY -> KATHY  BRACY-SMITH,,0,0
31-36-107-005-0000,Sold,DISPOSED,2022-04-29,SUPPORTED,,D1,1,wvhk-k5uv 2212957003 2022-04-13 SOUTH SUBURBAN LAND BANK AND DEVELOPMENT AUTHORITY -> JJW INVESTMENT FUND LLC,,1,0
31-36-107-006-0000,Sold,DISPOSED,2022-05-02,AMBIGUOUS,,D1+NEAR-MISS,1,wvhk-k5uv 2212939160 2022-04-13 SOUTH SUBURBAN LAND BANK AND DEVELOPMENT AUTHORITY -> IRENE PANTOJA,"LAND BANK AND DEVELOPMENT AUTHORITY, AN ILLINOIS INTERGOVERNMENTAL AGENCY",1,0
31-36-108-010-0000,Sold,DISPOSED,2025-04-23,SUPPORTED,,D1,1,"wvhk-k5uv 2511925015 2025-04-10 SOUTH SUBURBAN LAND BANK AND DEVELOPMENT AUTHORITY -> CASTLE RIDGE BUILDERS, LLC",,1,0
31-36-108-021-0000,Sold,DISPOSED,2024-05-14,SUPPORTED,,D1,1,wvhk-k5uv 2413819176 2024-05-02 SOUTH SUBURBAN LAND BANK AND DEVELOPMENT AUTHORITY -> JUAN  GUTIERREZ,,2,0
31-36-109-011-0000,Acquisition Method Failure,NO_CLAIM,,NOT_CHECKABLE,no-county-checkable-claim,,0,,,1,0
31-36-111-019-0000,Sold,DISPOSED,2023-09-21,SUPPORTED,,D1,1,wvhk-k5uv 2327113016 2023-09-08 SOUTH SUBURBAN LAND BANK AND DEVELOPMENT AUTHORITY -> DENNIS   BURRIS,,4,1
31-36-112-007-0000,Sold,DISPOSED,2022-05-03,SUPPORTED,,D1,1,wvhk-k5uv 2212921234 2022-04-13 SOUTH SUBURBAN LAND BANK AND DEVELOPMENT AUTHORITY -> DENNIS  BURRIS,,4,0
31-36-114-007-0000,Acquisition Underway,NO_CLAIM,,NOT_CHECKABLE,no-county-checkable-claim,,0,,,1,0
31-36-202-004-0000,Sold,DISPOSED,2022-05-26,SUPPORTED,,D1,1,wvhk-k5uv 2215141063 2022-04-26 SOUTH SUBURBAN LAND BANK AND DEVELOPMENT AUTHORITY -> TIFFANY S. CROCKETT,,2,0
31-36-202-005-0000,Sold,DISPOSED,2024-01-16,SUPPORTED,,D1,1,wvhk-k5uv 2401813351 2023-12-21 SOUTH SUBURBAN LAND BANK AND DEVELOPMENT AUTHORITY -> SAMI REAL ESTATE LLC,,1,0
31-36-301-010-0000,Sold,DISPOSED,2023-09-19,SUPPORTED,,D1,1,wvhk-k5uv 2326415025 2023-08-29 SOUTH SUBURBAN LAND BANK AND DEVELOPMENT AUTHORITY -> TIFFANY S CROCKETT,,1,0
31-36-302-019-0000,Sold,DISPOSED,2024-02-14,SUPPORTED,,D1,1,wvhk-k5uv 2405928018 2024-02-01 SOUTH SUBURBAN LAND BANK AND DEVELOPMENT AUTHORITY -> EFRAIN  ALBERTOS,,0,0
31-36-303-020-0000,Secured Inventory - Active,HELD,,SUPPORTED,,H2,1,wvhk-k5uv 1911517161 2019-04-01 VILLAGE OF PARK FOREST -> SOUTH SUBURBAN LAND BANK,,1,0
31-36-303-021-0000,Associated Parcel - Inventory,NO_CLAIM,,NOT_CHECKABLE,no-county-checkable-claim,,0,,,1,0
31-36-303-024-0000,Sold,DISPOSED,2020-09-18,SUPPORTED,,D1,1,wvhk-k5uv 2031317065 2020-09-02 SOUTH SUBURBAN LAND BANK & DEVELOPMENT AUTHORITY -> SABA HAQQI,,1,0
31-36-303-034-0000,Sold,DISPOSED,2022-05-06,SUPPORTED,,D1,1,wvhk-k5uv 2213719024 2022-05-06 SOUTH SUBURBAN LAND BANK AND DEVELOPMENT AUTHORITY -> VLW ENTERPRISES LLC,,1,0
31-36-304-010-0000,Sold,DISPOSED,2021-06-07,AMBIGUOUS,,D5,1,wvhk-k5uv 1911517164 2019-04-17 VILLAGE OF PARK FOREST -> SOUTH SUBURBAN LAND BANK,,3,0
31-36-304-033-0000,Sold,DISPOSED,2022-09-30,SUPPORTED,,D1,1,wvhk-k5uv 2227828115 2022-09-06 SOUTH SUBURBAN LAND BANK AND DEVELOPMENT AUTHORITY -> 2B PROPERTIES LLC,,2,0
31-36-305-004-0000,Acquisition Method Failure,NO_CLAIM,,NOT_CHECKABLE,no-county-checkable-claim,,0,,,0,0
31-36-305-015-0000,Sold,DISPOSED,2023-08-17,SUPPORTED,,D1,1,wvhk-k5uv 2323428021 2023-07-26 SOUTH SUBURBAN LAND BANK AND DEVELOPMENT AUTHORITY -> SCOTT   BERNHAGEN,,1,0
31-36-305-017-0000,Sold,DISPOSED,2023-11-02,SUPPORTED,,D1,1,wvhk-k5uv 2331013302 2023-10-13 SOUTH SUBURBAN LAND BANK AND DEVELOPMENT AUTHORITY -> ACARIS HOLDINGS LLC,,1,0
31-36-305-018-0000,Sold,DISPOSED,2020-02-04,SUPPORTED,,D1,1,wvhk-k5uv 2004908054 2020-01-22 SOUTH SUBURBAN LAND BANK -> JUNAIDI ADEEL,,2,0
31-36-306-012-0000,Prospecting - Hold for Review,NO_CLAIM,,NOT_CHECKABLE,no-county-checkable-claim,,0,,,2,0
31-36-306-026-0000,Sold,DISPOSED,2021-05-07,AMBIGUOUS,,D5,3,"wvhk-k5uv 2031401006 2020-09-30 VILLAGE OF PARK FOREST, ILLINOIS -> SOUTH SUBURBAN LAND BANK AND DEVELOPMENT AUTHORITY",,3,0
31-36-309-002-0000,Sold,DISPOSED,2023-02-24,SUPPORTED,,D1,1,wvhk-k5uv 2306033061 2023-02-07 SOUTH SUBURBAN LAND BANK AND DEVELOPMENT AUTHORITY -> SHAHAB MEHKRI,,1,0
31-36-309-031-0000,Sold,DISPOSED,2022-02-16,SUPPORTED,,D1,1,"wvhk-k5uv 2206242042 2022-02-04 SOUTH SUBURBAN LAND BANK AND DEVELOPMENT AUTHORITY -> ILORI INVESTMENTS, LLC",,1,0
31-36-310-026-0000,Prospecting - Declined,NO_CLAIM,,NOT_CHECKABLE,no-county-checkable-claim,,0,,,0,0
31-36-310-041-0000,Sold,DISPOSED,2024-04-03,SUPPORTED,,D1,1,wvhk-k5uv 2410230031 2024-03-12 SOUTH SUBURBAN LAND BANK AND DEVELOPMENT AUTHORITY -> JUAN GUTIERREZ,,3,0
31-36-312-014-0000,Sold,DISPOSED,2023-12-20,SUPPORTED,,D1,1,wvhk-k5uv 2400428020 2023-12-01 SOUTH SUBURBAN LAND BANK AND DEVELOPMENT AUTHORITY -> CASTLE RIDGE BUILDERS LLC,,2,0
31-36-314-002-0000,Case Dismissed,NO_CLAIM,,NOT_CHECKABLE,no-county-checkable-claim,,0,,,0,0
31-36-314-028-0000,Sold,DISPOSED,2022-04-14,SUPPORTED,,D1,1,"wvhk-k5uv 2210907224 2022-03-21 SOUTH SUBURBAN LAND BANK AND DEVELOPMENT AUTHORITY -> 2B PROPERTIES, LLC",,3,0
31-36-314-030-0000,Sold,DISPOSED,2023-09-20,SUPPORTED,,D1,1,"wvhk-k5uv 2326913164 2023-08-29 SOUTH SUBURBAN LAND BANK AND DEVELOPMENT AUTHORITY -> CASTLE RIDGE BUILDERS, LLC",,1,0
31-36-316-012-0000,Sold,DISPOSED,2023-10-12,SUPPORTED,,D1,1,wvhk-k5uv 2329706106 2023-09-27 SOUTH SUBURBAN LAND BANK AND DEVELOPMENT AUTHORITY -> CASTLE RIDGE BUILDERS LLC,,1,0
31-36-316-026-0000,Sold,DISPOSED,2023-10-11,SUPPORTED,,D1,1,wvhk-k5uv 2329149012 2023-09-08 SOUTH SUBURBAN LAND BANK AND DEVELOPMENT AUTHORITY -> WHITES INVESTMENT GROUP LLC,,3,0
31-36-316-028-0000,Sold,DISPOSED,2024-01-19,SUPPORTED,,D1,1,"wvhk-k5uv 2402345045 2024-01-19 SOUTH SUBURBAN LAND BANK AND DEVELOPMENT AUTHORITY -> CAMDEN CT REALTY LLC,",,1,0
31-36-318-013-0000,Sold,DISPOSED,2018-09-07,SUPPORTED,,D1,1,wvhk-k5uv 1825444028 2018-09-07 SOUTH SUBURBAN LAND BANK -> NORMA FITZ,,1,0
31-36-319-011-0000,Sold,DISPOSED,2021-08-06,SUPPORTED,,D1,1,wvhk-k5uv 2124441003 2021-07-26 SOUTH SUBURBAN LAND BANK AND DEVELOPMENT AUTHORITY -> HADER TAULER,,1,0
31-36-321-009-0000,Sold,DISPOSED,2020-04-15,SUPPORTED,,D1,1,wvhk-k5uv 2012521167 2020-03-13 SOUTH SUBURBAN LAND BANK -> MIGUEL LOPEZ,,1,0
31-36-400-005-0000,Case Dismissed,NO_CLAIM,,NOT_CHECKABLE,no-county-checkable-claim,,0,,,1,0
31-36-402-005-0000,Sold,DISPOSED,2020-05-04,SUPPORTED,,D1,1,wvhk-k5uv 2014921179 2020-04-17 SOUTH SUBURBAN LAND BANK -> SYLVIE HOLT,,1,0
31-36-403-002-0000,Sold,DISPOSED,2023-09-20,SUPPORTED,,D1,1,wvhk-k5uv 2326913168 2023-07-26 SOUTH SUBURBAN LAND BANK AND DEVELOPMENT AUTHORITY -> SYLVIE HOLT,,1,0
31-36-405-016-0000,Sold,DISPOSED,2024-01-30,SUPPORTED,,D1,1,wvhk-k5uv 2403845033 2024-01-18 SOUTH SUBURBAN LAND BANK AND DEVELOPMENT AUTHORIT -> MANALL ALI,,4,0
31-36-405-017-0000,Sold,DISPOSED,2023-12-20,SUPPORTED,,D1,1,wvhk-k5uv 2400428024 2023-12-01 SOUTH SUBURBAN LAND BANK AND DEVELOPMENT AUTHORITY -> CASTLE RIDGE BUILDERS LLC,,2,0
31-36-406-014-0000,Sold,DISPOSED,2017-01-01,SUPPORTED,,D1,1,wvhk-k5uv 1710306091 2017-04-12 SOUTH SUBURBAN LAND BANK -> BRIAN RILEY,,0,0
31-36-406-016-0000,Sold,DISPOSED,2023-09-21,SUPPORTED,,D1,1,wvhk-k5uv 2327041050 2023-08-29 SOUTH SUBURBAN LAND BANK AND DEVELOPMENT AUTHORITY -> PRESTON  BOWIE,,3,0
31-36-407-004-0000,Sold,DISPOSED,2021-04-27,SUPPORTED,,D1,1,wvhk-k5uv 2121740019 2021-04-13 SOUTH SUBURBAN LAND BANK AND DEVELOPMENT AUTHORITY -> DANTE CLANTON,,2,0
31-36-408-019-0000,Acquisition Method Failure,NO_CLAIM,,NOT_CHECKABLE,no-county-checkable-claim,,0,,,1,0
31-36-408-027-0000,Prospecting - Inspection Complete/Muni Evidence Needed,NO_CLAIM,,NOT_CHECKABLE,no-county-checkable-claim,,0,,,4,0
31-36-411-047-0000,Sold,DISPOSED,2023-12-04,SUPPORTED,,D1,1,wvhk-k5uv 2334928081 2023-11-15 SOUTH SUBURBAN LAND BANK AND DEVELOPMENT AUTHORITY -> PABLO AND BERTHA ORTIZ,,3,0
31-36-412-035-0000,Sold,DISPOSED,2023-12-20,SUPPORTED,,D1,1,wvhk-k5uv 2400428021 2023-12-01 SOUTH SUBURBAN LAND BANK AND DEVELOPMENT AUTHORITY -> CASTLE RIDGE BUILDERS LLC,,1,0
31-36-414-036-0000,Sold,DISPOSED,2025-12-22,UNSUPPORTED_NO_RECORD,,D4,1,"wvhk-k5uv,3723-97qp   no machine-readable record found in the queried datasets",,1,0
31-36-415-005-0000,Case Dismissed,NO_CLAIM,,NOT_CHECKABLE,no-county-checkable-claim,,0,,,1,0
31-36-416-023-0000,Prospecting - Inspection Complete/Muni Evidence Needed,NO_CLAIM,,NOT_CHECKABLE,no-county-checkable-claim,,0,,,0,0
32-05-202-007-0000,Prospecting - Inspection Complete/Muni Evidence Needed,NO_CLAIM,,NOT_CHECKABLE,no-county-checkable-claim,,0,,,0,0
32-08-201-012-0000,Sold,DISPOSED,2020-07-08,UNSUPPORTED_NO_RECORD,,D4,1,"wvhk-k5uv,3723-97qp   no machine-readable record found in the queried datasets",,4,0
32-08-309-003-0000,Sold,DISPOSED,2016-09-01,SUPPORTED,,D1,1,wvhk-k5uv 1627833052 2016-09-30 SOUTH SUBURBAN LAND BANK AND DEVELOPMENT AUTHORITY -> JOSE S. BRAVO,,0,0
32-08-340-015-0000,Sold,DISPOSED,2017-11-01,SUPPORTED,,D1,1,wvhk-k5uv 1732019049 2017-11-03 SOUTH SUBURBAN LAND BANK -> CHRISTINA MITCHELL,,0,0
32-08-415-007-0000,Sold,DISPOSED,2017-04-01,SUPPORTED,,D1,1,wvhk-k5uv 1711434055 2017-04-19 SOUTH SUBURBAN LAND BANK -> B.T.L. EMPIRE LLC,,0,0
32-11-111-001-0000,Sold,DISPOSED,2021-08-26,SUPPORTED,,D1,1,wvhk-k5uv 2126616051 2021-08-17 SOUTH SUBURBAN LAND BANK AND DEVELOPMENT AUTHORITY -> FATHERS AND BLESSINGS,,1,0
32-11-212-043-0000,Sold,DISPOSED,2021-06-04,SUPPORTED,,D1,1,wvhk-k5uv 2117322020 2021-05-12 SOUTH SUBURBAN LAND BANK AND DEVELOPMENT AUTHORITY -> JGL INVESTEMENT LLC,,4,0
32-19-207-020-0000,Sold,DISPOSED,2017-04-01,SUPPORTED,,D1,1,wvhk-k5uv 1711434056 2017-04-19 SOUTH SUBURBAN LAND BANK -> B.T.L. EMPIRE LLC,,0,0
32-19-209-001-0000,Sold,DISPOSED,2017-10-01,SUPPORTED,,D1,1,wvhk-k5uv 1729712039 2017-10-20 SOUTH SUBURBAN LAND BANK -> DAVID B.  MCELROY,,1,0
32-19-313-031-0000,Secured Inventory - Active,HELD,,SUPPORTED,,H2,1,wvhk-k5uv 1821816018 2017-12-20 MRF ILLINOIS ONE -> SOUTH SUBURBAN LAND BANK,,0,0
32-19-318-053-0000,Sold,DISPOSED,2019-02-12,SUPPORTED,,D1,1,wvhk-k5uv 1904549175 2019-01-14 SOUTH SUBURBAN LAND BANK -> KARINA ELIAS QUEZADA,,0,0
32-20-107-008-0000,Sold,DISPOSED,2019-01-04,AMBIGUOUS,,D1+NEAR-MISS,1,wvhk-k5uv 1900741166 2018-12-10 SOUTH SUBURBAN LAND BANK -> JOSE GOMEZ,SUBURBAN LAND BANK &amp;,0,0
32-20-107-010-0000,Sold,DISPOSED,2017-04-01,AMBIGUOUS,,D1+NEAR-MISS,1,wvhk-k5uv 1712929066 2017-04-05 SOUTH SUBURBAN LAND BANK -> SEAN KIMBROUGH,SOUTH SUB LAND BK,0,0
32-20-400-025-0000,Sold,DISPOSED,2018-06-04,UNSUPPORTED_NO_RECORD,,D4,1,"wvhk-k5uv,3723-97qp   no machine-readable record found in the queried datasets",,0,0
32-20-401-043-0000,Sold,DISPOSED,2018-03-22,SUPPORTED,,D1,1,"wvhk-k5uv 1808506040 2018-03-20 SOUTH SUBURBAN LAND BANK -> HILGER PROPERTIES, LLC SE",,0,0
32-21-409-019-0000,Secured Inventory - Active,HELD,,SUPPORTED,,H2,1,"wvhk-k5uv 1622415021 2016-07-25 BANK FINANCIAL F.S.B., AS TRUSTEE UNDER THAT CERTAIN TRUST AGREEMENT DATED THE 13TH DAY OF MARCH 2009 AND KNOWN AS TRUST NUMBER 010994 -> SOUTH SUBURBAN LAND BANK AND DEVELOPMENT AUTHORITY",,0,0
32-25-105-012-0000,Prospecting - Hold for Review,NO_CLAIM,,NOT_CHECKABLE,no-county-checkable-claim,,0,,,1,0
32-25-109-044-0000,Sold,DISPOSED,2016-10-01,SUPPORTED,,D1,1,wvhk-k5uv 1630029044 2016-10-21 SOUTH SUBURBAN LAND BANK AND DEVELOPMENT AUTHORITY -> GEORGE F. BELLEVUE,,0,0
32-25-114-011-0000,Secured Inventory - Active,HELD,,UNSUPPORTED_NO_RECORD,,H4,1,"wvhk-k5uv,3723-97qp   no machine-readable record found in the queried datasets",,0,0
32-25-416-031-0000,Prospecting - Declined,NO_CLAIM,,NOT_CHECKABLE,no-county-checkable-claim,,0,,,1,0
32-25-420-029-0000,Sold,DISPOSED,2016-09-01,AMBIGUOUS,,D1+NEAR-MISS,1,wvhk-k5uv 1628001059 2016-09-09 SOUTH SUBURBAN LAND BANK AND DEVELOPMENT AUTHORITY -> R&D PROPERTY INVESTMENT GROUP INC.,SOUTH SUBN LAND BK & DEV AUTH,0,0
32-29-222-016-0000,Secured Inventory - Active,HELD,,SUPPORTED,,H2,1,"wvhk-k5uv 1812442044 2018-01-01 MRF ILLINOIS ONE, LLC -> SOUTH SUBURBAN LAND BANK",,0,0
32-29-222-017-0000,Associated Parcel - Inventory,NO_CLAIM,,NOT_CHECKABLE,no-county-checkable-claim,,0,,,0,0
32-30-206-035-0000,Sold,DISPOSED,2018-12-28,SUPPORTED,,D1,1,wvhk-k5uv 1836541076 2018-11-27 SOUTH SUBURBAN LAND BANK -> ERICK CARDENAS GARCIA,,4,0
32-32-415-050-0000,Secured Inventory - Active,HELD,,UNSUPPORTED_NO_RECORD,,H4,1,"wvhk-k5uv,3723-97qp   no machine-readable record found in the queried datasets",,0,0
32-32-429-008-0000,Sold,DISPOSED,2017-05-01,AMBIGUOUS,,D1+NEAR-MISS,1,"wvhk-k5uv 1713713040 2017-05-16 SOUTH SUBURBAN LAND BANK -> B.T.L. EMPIRE, LLC",SO SUB LAND BANK,0,0
33-07-104-107-1001,Sold,DISPOSED,2017-10-01,SUPPORTED,,D1,1,wvhk-k5uv 1730445061 2017-10-01 SOUTH SUBURBAN LAND BANK -> BBO INVESTMENT INC.,,0,0
33-31-105-007-0000,Prospecting - Hold for Review,NO_CLAIM,,NOT_CHECKABLE,no-county-checkable-claim,,0,,,3,0
33-31-204-013-0000,Sold,DISPOSED,2017-01-01,SUPPORTED,,D1,1,wvhk-k5uv 1709513059 2017-03-29 SOUTH SUBURBAN LAND BANK -> KEMMEON RUFF,,0,0
4545,Test Parcel,NO_CLAIM,,NOT_CHECKABLE,pin-format,,0,,,0,0
